Timestamp,Sens1,Sens2,Sens3,Wroclaw
2025-05-05 16:00:47.693517,23.51,24.42,,
2025-05-05 17:15:51.668335,22.91,23.97,,
2025-05-05 17:18:28.241816,22.97,23.9,,
2025-05-05 17:20:53.329904,23.04,,,
2025-05-05 17:25:30.327070,23.07,23.7,,11.14
2025-05-05 17:28:34.624187,23.07,23.69,,11.29
2025-05-05 17:30:49.427329,23.11,23.68,,11.29
2025-05-05 17:33:18.914368,23.19,23.7,,11.21
2025-05-05 17:35:34.107801,23.18,23.69,,11.21
2025-05-05 17:37:51.235570,23.17,23.68,,11.21
2025-05-05 17:40:06.471993,23.21,23.74,,11.21
2025-05-05 17:42:21.590116,23.2,23.75,,11.0
2025-05-05 17:44:57.287230,23.22,23.74,,11.0
2025-05-05 17:47:14.507086,23.24,,,10.94
2025-05-05 17:49:44.037863,23.26,23.69,,10.94
2025-05-05 17:52:01.195616,23.24,23.63,,10.94
2025-05-05 17:54:43.051676,23.27,23.59,,11.0
2025-05-05 17:57:06.414216,23.27,23.53,,11.0
2025-05-05 17:59:37.933709,23.29,23.54,,11.0
2025-05-05 18:02:11.525330,23.29,23.5,,11.0
2025-05-05 18:05:30.693392,23.32,23.51,,11.0
2025-05-05 18:09:11.953704,23.31,,,10.85
2025-05-05 18:47:59.361425,23.25,23.77,,10.34
2025-05-05 18:50:52.079795,23.2,23.82,,10.33
2025-05-05 19:10:52.080717,23.15,23.42,,9.9
2025-05-05 19:30:52.080902,23.1,23.79,,9.54
2025-05-05 19:50:52.081100,22.96,23.69,23.33,
2025-05-05 20:10:52.081397,22.93,23.7,23.36,
2025-05-05 20:30:52.081612,22.85,23.6,23.45,
2025-05-05 20:50:52.081770,22.73,23.55,23.46,
2025-05-05 21:10:52.082110,22.6,,23.43,
2025-05-05 21:30:52.082438,22.62,23.85,23.49,7.15
2025-05-05 21:50:52.082695,22.54,23.67,23.49,6.52
2025-05-05 22:10:52.083030,22.4,,23.36,
2025-05-05 22:30:52.083266,22.27,,23.16,
2025-05-05 22:50:52.083549,22.05,23.46,23.12,5.94
2025-05-05 23:10:52.083692,22.0,23.39,22.98,5.55
2025-05-05 23:30:52.083911,21.83,23.26,22.83,5.39
2025-05-05 23:50:52.084102,21.69,23.19,22.69,4.77
2025-05-06 09:00:35.554513,27.8,,23.12,9.27
2025-05-06 09:03:11.245126,27.96,22.72,23.13,9.27
2025-05-06 09:23:11.248675,25.32,22.66,23.26,9.97
2025-05-06 09:43:11.245959,24.05,23.07,23.28,10.87
2025-05-06 10:03:11.246180,23.68,23.29,23.39,10.31
2025-05-06 10:23:11.246349,23.4,23.4,23.46,10.55
2025-05-06 10:43:11.246536,23.29,23.27,23.45,11.18
2025-05-06 11:03:11.246673,23.33,,23.47,11.16
2025-05-06 11:23:11.246904,23.16,22.51,23.4,
2025-05-06 11:43:11.247096,23.21,22.61,23.59,
2025-05-06 12:03:11.246983,23.08,22.69,23.45,
2025-05-06 12:23:11.247584,23.13,,23.68,
2025-05-06 12:43:11.247738,23.15,22.56,23.72,
2025-05-06 13:03:11.247967,24.1,22.7,22.21,
2025-05-06 13:23:11.248201,24.18,22.84,21.89,
2025-05-06 13:43:11.248417,24.16,22.96,21.82,
2025-05-06 14:03:11.248638,24.22,23.06,,
2025-05-06 14:23:11.248985,24.28,,21.78,
2025-05-06 14:43:11.249206,24.33,22.83,21.74,
2025-05-06 15:03:11.249478,24.46,22.9,21.73,
2025-05-06 15:23:11.249552,24.32,22.9,21.62,
2025-05-06 15:43:11.249877,24.18,22.82,21.35,
2025-05-06 19:53:28.273576,23.85,23.15,21.52,
2025-05-06 19:56:03.120576,23.86,,21.55,
2025-05-06 20:16:03.121463,23.83,,21.62,
2025-05-06 20:24:41.273775,23.74,,21.67,11.28
2025-05-06 20:26:25.825044,23.74,23.19,21.67,11.28
2025-05-06 20:46:25.825128,23.71,23.13,21.65,10.55
2025-05-06 21:06:25.825311,23.81,22.96,21.6,8.76
2025-05-07 09:32:54.577154,22.69,21.02,21.46,8.24
2025-05-07 09:35:45.493626,22.74,20.98,21.45,8.24
2025-05-07 09:55:44.889298,22.95,,21.42,8.53
2025-05-07 11:08:45.139015,23.4,22.1,,10.48
2025-05-07 11:12:54.361769,23.38,22.13,21.37,10.48
2025-05-07 11:32:54.360390,23.53,22.22,21.37,11.23
2025-05-07 11:52:54.360570,23.56,22.42,21.35,11.48
2025-05-07 12:03:26.656522,23.62,,21.35,11.05
2025-05-07 12:06:13.761218,23.62,22.24,21.39,11.05
2025-05-07 12:26:13.760721,23.62,21.81,21.38,11.77
2025-05-07 12:42:19.290998,23.62,,21.35,12.81
2025-05-07 12:45:44.300516,23.71,21.77,21.35,12.81
2025-05-07 13:05:44.300827,23.61,,20.96,12.82
2025-05-07 13:25:44.301073,23.76,21.32,21.05,12.92
2025-05-07 13:45:44.301201,23.69,21.06,20.95,12.23
2025-05-07 14:05:44.301367,23.74,,20.95,12.95
2025-05-07 14:06:54.071807,23.78,20.84,21.0,12.95
2025-05-07 14:08:11.758504,23.79,,20.97,12.71
2025-05-07 14:28:11.758820,23.67,20.85,21.0,13.06
2025-05-07 22:55:52.175016,23.98,21.64,20.91,7.22
2025-05-07 22:59:12.384811,23.91,21.65,20.9,7.22
2025-05-07 23:19:11.061872,23.53,21.93,20.94,6.54
2025-05-07 23:39:11.062067,23.35,21.94,21.14,6.47
2025-05-08 08:51:26.194418,23.01,22.52,21.06,9.33
2025-05-08 08:53:31.203562,23.02,22.44,21.09,9.33
2025-05-08 09:13:31.218004,23.26,21.65,21.08,9.97
2025-05-08 09:33:31.217133,23.32,21.19,21.09,9.94
2025-05-08 09:53:31.217352,23.44,21.27,21.03,9.6
2025-05-08 10:13:31.217692,23.52,,21.03,10.33
2025-05-08 10:33:31.217886,23.5,21.29,20.66,10.65
2025-05-08 10:53:31.218145,23.47,21.23,19.96,10.68
2025-05-08 20:54:10.626305,23.27,21.53,20.25,7.09
2025-05-09 07:46:11.075247,22.92,21.18,20.34,4.84
2025-05-09 07:47:50.870506,22.94,21.22,20.33,4.84
2025-05-09 08:07:50.810002,22.9,21.81,20.4,6.83
2025-05-09 08:27:50.796173,22.87,22.02,20.48,
2025-05-09 08:47:50.796381,22.86,21.86,20.56,
2025-05-09 09:07:50.796469,22.98,,20.47,
2025-05-09 09:27:50.796785,23.14,22.32,20.37,
2025-05-09 09:47:50.796947,23.14,22.6,20.34,
2025-05-09 10:07:50.797171,23.13,22.73,20.31,
2025-05-09 10:27:50.797313,23.1,22.91,20.29,
2025-05-09 10:47:50.797532,23.13,22.83,20.28,
2025-05-09 11:07:50.797701,23.01,22.88,20.3,
2025-05-09 11:27:50.798018,22.97,22.89,20.31,
2025-05-09 11:47:50.798206,22.95,22.94,20.33,
2025-05-09 12:07:50.798397,23.1,22.88,20.36,
2025-05-09 12:27:50.798573,22.92,22.74,20.37,
2025-05-09 12:47:50.798685,22.91,22.72,20.39,
2025-05-09 13:07:50.798809,22.77,22.87,20.4,
2025-05-09 13:27:50.799275,22.7,22.9,20.41,
2025-05-09 13:47:50.799254,22.6,22.83,20.45,
2025-05-09 14:07:50.799580,22.51,22.83,20.44,
2025-05-09 14:27:50.799738,22.43,22.82,20.45,
2025-05-09 14:47:50.799967,22.48,22.76,20.5,
2025-05-09 15:07:50.800324,22.41,22.72,20.51,
2025-05-09 15:27:50.800403,22.33,22.68,20.5,
2025-05-09 15:47:50.800478,22.32,22.7,20.57,
2025-05-09 16:07:50.800678,22.28,22.73,20.52,
2025-05-09 16:27:50.800909,22.31,22.74,20.59,
2025-05-09 16:47:50.801071,22.29,22.95,20.57,
2025-05-09 17:07:50.801268,22.25,22.93,20.47,
2025-05-09 17:27:50.801482,22.27,22.99,20.28,
2025-05-09 17:47:50.801643,22.18,22.8,20.38,
2025-05-09 18:07:50.801867,22.14,22.73,20.75,
2025-05-09 18:27:50.802039,22.21,22.84,20.85,
2025-05-09 18:47:50.802224,22.18,22.66,20.86,
2025-05-09 19:07:50.802373,22.14,22.41,20.89,
2025-05-09 19:27:50.802531,22.07,22.37,20.88,
2025-05-09 19:47:50.802666,22.07,22.6,20.87,
2025-05-09 20:07:50.802836,22.03,22.59,20.87,
2025-05-09 20:27:50.803053,21.99,22.51,20.91,
2025-05-09 20:47:50.803193,21.9,22.44,20.92,
2025-05-09 21:07:50.803421,21.88,22.52,20.94,
2025-05-09 21:27:50.803588,21.97,22.26,20.94,
2025-05-09 21:47:50.803841,22.43,22.41,20.89,
2025-05-09 22:07:50.803998,22.7,,20.88,
2025-05-09 22:27:50.804113,22.83,22.17,20.87,
2025-05-09 22:47:50.804296,22.98,21.77,20.87,
2025-05-09 23:07:50.804464,23.04,21.82,20.96,
2025-05-09 23:27:50.804677,23.03,21.89,21.12,
2025-05-09 23:47:50.804824,22.99,21.9,21.06,
2025-05-10 00:07:50.804991,22.99,21.9,21.03,
2025-05-10 00:27:50.805154,22.97,21.91,21.02,
2025-05-10 00:47:50.805326,22.99,21.89,21.06,
2025-05-10 01:07:50.805521,22.95,21.88,21.06,
2025-05-10 01:27:50.805717,22.92,21.86,21.06,
2025-05-10 01:47:50.805943,22.84,,20.98,
2025-05-10 02:07:50.806187,22.79,21.97,20.96,
2025-05-10 02:27:50.806342,22.79,22.0,20.91,
2025-05-10 02:47:50.806517,22.82,21.85,20.92,
2025-05-10 03:07:50.806705,22.78,21.81,20.87,
2025-05-10 03:27:50.806784,22.79,21.81,20.88,
2025-05-10 03:47:50.807028,22.79,21.79,20.89,
2025-05-10 04:07:50.807268,22.75,21.81,20.87,
2025-05-10 04:27:50.807465,22.7,21.73,20.88,
2025-05-10 04:47:50.807635,22.75,21.69,20.84,
2025-05-10 05:07:50.807836,22.74,21.67,20.81,
2025-05-10 05:27:50.807977,22.75,21.66,20.86,
2025-05-10 05:47:50.808284,22.71,21.69,20.82,
2025-05-10 06:07:50.808441,22.62,21.7,20.83,
2025-05-10 06:27:50.808617,22.61,21.73,20.84,
2025-05-10 06:47:50.808744,22.49,21.81,20.85,
2025-05-10 07:07:50.808935,22.42,21.89,20.88,
2025-05-10 07:27:50.809093,22.41,21.95,20.89,
2025-05-10 07:47:50.809312,22.35,21.44,20.9,
2025-05-10 08:07:50.809453,22.32,,20.91,
2025-05-10 08:27:50.809577,22.34,,20.95,
2025-05-10 08:47:50.809883,22.31,21.91,21.01,
2025-05-10 11:11:20.480298,22.68,22.8,22.07,13.8
2025-05-10 11:13:24.076111,22.74,,22.05,13.8
2025-05-10 11:33:24.101514,,,22.02,13.95
2025-05-10 11:53:24.130012,,,21.83,
2025-05-10 12:13:24.102686,,22.67,21.83,
2025-05-10 12:33:24.318341,,22.68,21.89,14.49
2025-05-10 12:53:24.318548,,22.69,21.94,14.5
2025-05-10 13:13:24.318736,,22.69,21.89,14.29
2025-05-10 13:33:24.319081,,,21.88,
2025-05-10 13:53:24.319253,,22.74,21.86,13.36
2025-05-10 14:13:24.319462,,22.81,21.87,13.69
2025-05-10 14:33:24.319723,,22.76,21.89,13.12
2025-05-10 14:53:24.320007,,22.7,22.16,
2025-05-10 15:13:24.320244,,,22.26,
2025-05-10 15:33:24.320439,24.23,23.13,22.28,
2025-05-10 15:53:24.320728,22.77,22.94,22.12,
2025-05-10 16:13:24.320815,22.47,22.87,22.04,
2025-05-10 16:33:24.321053,22.5,22.68,21.95,
2025-05-10 16:53:24.321258,22.44,22.29,21.88,
2025-05-10 17:13:24.321607,22.35,22.36,21.85,
2025-05-10 17:33:24.321815,22.36,22.58,21.36,
2025-05-10 17:53:24.322011,22.37,22.85,21.03,
2025-05-10 18:13:24.322212,22.42,22.76,20.98,
2025-05-10 18:33:24.322157,22.81,,21.2,
2025-05-10 18:53:24.322697,22.98,22.93,21.34,
2025-05-10 19:13:24.322942,23.09,22.95,21.37,
2025-05-10 19:33:24.323142,23.11,22.94,21.36,
2025-05-10 19:53:24.323386,23.08,22.87,21.45,
2025-05-10 20:13:24.323612,23.11,,21.61,
2025-05-10 20:33:24.323897,23.08,22.77,21.62,
2025-05-10 20:53:24.324160,22.61,22.77,21.61,
2025-05-10 21:13:24.324353,22.32,22.68,21.65,
2025-05-10 21:33:24.324588,22.7,22.68,21.62,
2025-05-10 21:53:24.324849,23.13,22.65,21.6,
2025-05-10 22:13:24.325016,23.39,,21.59,
2025-05-10 22:33:24.325229,23.55,22.69,21.65,
2025-05-10 22:53:24.325458,23.38,22.59,21.88,
2025-05-10 23:13:24.325707,23.37,,21.96,
2025-05-10 23:33:24.325878,23.43,22.48,22.11,
2025-05-10 23:53:24.326133,23.4,22.47,22.17,
2025-05-11 00:13:24.326472,23.33,22.4,22.24,
2025-05-11 00:33:24.326556,23.3,22.35,,
2025-05-11 00:53:24.326736,23.28,22.42,22.26,
2025-05-11 01:13:24.326970,23.26,22.47,22.17,
2025-05-11 01:33:24.327192,23.2,22.51,22.01,
2025-05-11 01:53:24.327449,23.23,22.49,21.94,
2025-05-11 02:13:24.327687,23.23,22.43,21.88,
2025-05-11 02:33:24.327862,23.21,22.45,21.84,
2025-05-11 02:53:24.328106,23.19,22.3,21.84,
2025-05-11 03:13:24.328385,23.15,22.27,21.72,
2025-05-11 03:33:24.328615,23.08,22.26,21.65,
2025-05-11 03:53:24.328789,23.09,22.21,21.63,
2025-05-11 04:13:24.329048,23.04,22.22,21.61,
2025-05-11 04:33:24.329249,22.98,22.16,21.51,
2025-05-11 04:53:24.329488,22.9,22.06,21.5,
2025-05-11 05:13:24.329699,22.91,22.03,21.49,
2025-05-11 05:33:24.329891,22.94,22.08,21.46,
2025-05-11 05:53:24.330118,23.04,22.19,21.44,
2025-05-11 06:13:24.330336,23.06,22.35,21.5,
2025-05-11 06:33:24.330525,23.06,22.45,21.48,
2025-05-11 06:53:24.330709,23.08,22.72,21.54,
2025-05-11 07:13:24.330972,23.13,22.72,21.58,
2025-05-11 07:33:24.331243,23.24,22.95,21.59,
2025-05-11 07:53:24.331516,23.29,22.63,21.64,
2025-05-11 08:13:24.331778,23.36,22.88,21.64,
2025-05-11 08:33:24.332044,23.38,23.22,21.65,
2025-05-11 08:53:24.332272,23.51,23.0,21.7,
2025-05-11 09:13:24.332533,23.52,22.87,21.67,
2025-05-11 09:33:24.332718,23.62,23.04,21.64,
2025-05-11 09:53:24.332908,23.8,23.41,21.64,
2025-05-11 10:13:24.333210,24.16,23.57,21.85,
2025-05-11 10:33:24.333395,23.49,23.38,21.93,
2025-05-11 10:51:28.315766,22.92,23.71,21.97,12.02
2025-05-11 10:53:44.791465,22.91,23.73,21.97,12.02
2025-05-11 11:13:44.794045,22.85,23.67,22.01,12.16
2025-05-11 11:33:44.792404,23.26,23.65,22.07,
2025-05-11 11:53:44.792583,23.23,23.57,22.04,11.76
2025-05-11 12:13:44.792811,23.19,23.44,22.07,12.32
2025-05-11 12:33:44.792971,23.22,23.2,21.61,
2025-05-11 12:53:44.793234,23.15,22.53,21.46,
2025-05-11 13:13:44.793467,23.1,22.25,21.61,
2025-05-11 13:33:44.793801,23.05,22.0,20.88,
2025-05-11 13:53:44.793973,22.7,22.45,21.25,
2025-05-11 15:08:48.109513,22.01,22.76,21.53,14.64
2025-05-11 15:10:04.056477,22.04,22.8,21.55,14.64
2025-05-11 15:30:04.053793,22.13,,21.56,14.23
2025-05-11 15:50:04.051938,22.75,22.81,21.55,14.61
2025-05-11 16:03:44.747518,23.04,,21.7,13.71
2025-05-11 16:07:10.822388,23.03,22.75,21.69,13.71
2025-05-11 16:27:10.822580,23.2,23.22,21.69,14.99
2025-05-11 16:47:10.823081,23.17,23.17,21.81,15.58
2025-05-11 17:07:10.823288,23.11,22.96,21.86,14.0
2025-05-11 17:27:10.823503,23.03,22.68,21.85,14.22
2025-05-11 17:47:10.823754,22.97,22.38,21.81,15.14
2025-05-11 18:07:10.823966,22.91,22.05,21.82,14.25
2025-05-11 19:56:31.370376,21.56,,21.62,12.45
2025-05-11 19:58:48.429110,21.48,22.37,21.62,12.45
2025-05-11 20:18:48.429307,21.97,22.44,21.55,11.48
2025-05-11 20:38:48.429434,22.05,22.59,21.58,9.81
2025-05-11 20:58:48.429668,22.31,22.66,21.53,10.16
2025-05-11 21:18:48.429795,22.32,22.65,21.52,8.87
2025-05-11 22:00:40.555486,22.1,22.42,21.43,8.9
2025-05-11 22:03:23.332123,22.12,22.44,21.44,8.9
2025-05-11 22:23:23.335741,22.44,,21.52,8.48
2025-05-11 22:43:23.335940,23.15,22.31,21.55,8.1
2025-05-12 22:45:20.940588,22.06,23.22,21.85,7.23
2025-05-12 22:47:39.500674,22.1,23.22,21.83,7.23
2025-05-12 23:07:39.538637,22.53,23.03,21.87,6.95
2025-05-12 23:27:39.538959,22.34,22.9,21.89,7.78
2025-05-13 08:19:05.160942,23.24,23.23,21.71,11.07
2025-05-13 08:21:27.469275,23.2,,21.73,11.07
2025-05-13 08:52:31.987828,23.68,23.35,21.71,12.58
2025-05-13 08:54:45.543270,23.69,23.37,21.77,12.58
2025-05-13 09:14:45.550061,23.87,,21.65,12.74
2025-05-13 09:34:45.550240,24.11,23.42,21.64,13.29
2025-05-13 09:54:45.550523,24.26,23.28,21.61,14.3
2025-05-13 10:14:45.550760,24.3,23.2,21.6,13.85
2025-05-13 10:29:10.207295,24.34,23.33,21.59,14.4
2025-05-13 10:31:26.278601,24.36,23.33,21.59,14.4
2025-05-13 10:51:26.273544,24.46,23.37,21.61,14.96
2025-05-13 11:11:26.273743,24.35,23.55,21.58,15.63
2025-05-13 11:26:05.368993,24.29,23.23,21.53,14.4
2025-05-13 11:27:17.212676,24.29,23.21,21.54,14.4
2025-05-13 11:47:17.217803,24.31,23.14,21.54,15.16
2025-05-13 12:07:17.215341,24.47,23.24,21.52,16.18
2025-05-13 12:16:26.076721,24.56,23.21,21.55,16.27
2025-05-13 12:19:07.845951,24.58,23.19,21.57,16.27
2025-05-13 12:39:07.846122,24.67,23.01,21.53,15.82
2025-05-13 12:59:07.846347,24.74,23.04,21.56,16.86
2025-05-13 13:19:07.846472,24.11,22.9,21.54,15.52
2025-05-13 13:39:07.846710,24.32,23.12,,17.23
2025-05-13 13:59:07.846911,24.45,22.83,21.54,17.52
2025-05-13 14:19:07.847146,24.54,22.87,21.51,17.68
2025-05-13 14:39:07.847343,24.58,22.94,21.56,17.74
2025-05-13 14:59:07.847574,24.54,22.73,21.59,17.18
2025-05-13 15:19:07.847813,24.61,22.71,,17.48
2025-05-13 15:39:07.847916,24.62,22.66,21.57,18.29
2025-05-13 15:59:07.848162,24.7,22.69,21.6,17.94
2025-05-13 16:19:07.848351,24.66,22.66,21.58,18.86
2025-05-13 16:39:07.848576,24.61,22.69,21.57,18.34
2025-05-13 16:59:07.848784,24.55,22.68,21.57,18.38
2025-05-13 17:19:07.848968,24.5,23.37,21.42,18.38
2025-05-13 17:39:07.849220,24.43,23.4,21.31,18.38
2025-05-13 17:59:07.849427,24.28,,21.4,18.38
2025-05-13 18:19:07.849685,24.21,23.61,,17.79
2025-05-13 18:39:07.850048,24.22,23.5,21.3,17.23
2025-05-13 18:59:07.850218,24.16,23.37,21.35,17.23
2025-05-13 19:19:07.850484,24.09,23.42,21.35,16.68
2025-05-13 19:39:07.850867,23.98,23.42,21.24,15.47
2025-05-13 19:59:07.883668,24.01,,21.29,15.21
2025-05-13 20:19:07.855850,24.24,23.39,21.31,14.53
2025-05-13 20:39:07.856005,24.25,23.38,21.35,12.79
2025-05-13 20:59:07.856247,24.21,23.42,21.38,11.68
2025-05-13 21:19:07.856784,24.36,23.35,21.34,12.24
2025-05-13 21:39:07.857048,24.51,,21.35,12.79
2025-05-13 21:59:07.857302,24.67,,21.3,12.23
2025-05-13 22:19:07.857587,24.7,23.19,21.29,12.25
2025-05-13 22:39:07.857873,24.71,23.2,21.33,11.7
2025-05-13 22:59:07.858051,24.51,23.2,21.39,11.17
2025-05-13 23:19:07.858286,24.34,23.29,21.56,12.07
2025-05-13 23:39:07.858545,24.27,23.24,21.78,11.52
2025-05-14 07:40:38.560622,21.97,22.69,22.16,10.36
2025-05-14 08:00:38.567812,22.31,,22.14,11.38
2025-05-14 08:20:38.568016,22.52,23.13,22.12,11.97
2025-05-14 08:40:38.568237,22.7,23.23,22.11,12.95
2025-05-14 09:00:38.568481,22.75,,22.19,13.7
2025-05-14 09:20:38.568671,23.06,24.03,22.33,15.11
2025-05-14 21:00:16.016642,24.02,,22.85,15.46
2025-05-14 22:45:09.822354,24.89,24.36,22.95,11.01
2025-05-14 22:46:40.828358,24.91,,22.93,11.01
2025-05-14 22:47:52.249428,24.9,24.36,22.94,11.01
2025-05-14 22:48:45.171978,24.94,,22.95,11.01
2025-05-14 22:58:26.092156,25.03,,22.93,11.01
2025-05-14 22:59:08.110176,25.02,,22.93,11.01
2025-05-14 23:00:26.095981,25.04,,22.95,11.01
2025-05-14 23:00:34.487915,25.01,,22.93,11.01
2025-05-14 23:00:08.111140,25.04,24.41,22.92,
2025-05-14 23:01:08.110516,25.04,,22.91,11.01
2025-05-14 23:01:34.489193,25.04,24.4,22.92,11.01
2025-05-14 23:02:34.488617,25.03,,22.92,11.01
2025-05-14 23:02:08.110856,25.03,24.4,22.92,11.01
2025-05-14 23:03:17.300199,25.04,,,11.01
2025-05-14 23:03:34.488914,25.04,,22.92,11.01
2025-05-14 23:04:17.300633,25.08,24.4,22.94,11.01
2025-05-14 23:04:35.343044,25.06,24.4,22.93,11.01
2025-05-14 23:45:27.515064,24.46,,22.88,11.57
2025-05-14 23:46:05.116246,24.45,,22.88,11.57
2025-05-15 00:06:05.116668,24.23,24.22,22.87,11.57
2025-05-15 00:26:05.117090,23.99,,22.85,10.84
2025-05-15 00:46:05.118097,23.84,24.12,22.81,10.14
2025-05-15 01:06:05.117539,23.72,24.09,22.8,10.05
2025-05-15 01:26:05.117797,23.55,24.03,22.82,10.23
2025-05-15 01:46:05.118599,23.45,,22.76,9.9
2025-05-15 02:25:27.560447,23.27,23.78,22.74,10.18
2025-05-15 02:25:53.818254,23.29,23.74,22.75,10.18
2025-05-15 02:45:53.819303,23.15,23.71,22.68,8.79
2025-05-15 03:45:27.627169,22.48,,22.55,5.74
2025-05-15 03:45:38.774205,22.49,,22.58,5.37
2025-05-15 03:45:27.584295,,23.3,22.55,5.37
2025-05-15 03:46:21.742417,22.47,,22.55,5.37
2025-05-15 04:07:09.334025,22.31,,22.51,4.62
2025-05-15 04:07:59.689263,22.31,23.2,22.46,4.62
2025-05-15 04:26:21.750257,22.24,23.13,22.44,4.16
2025-05-15 04:27:59.695406,22.21,,22.46,4.16
2025-05-15 04:46:21.748279,22.16,23.08,22.47,4.07
2025-05-15 04:47:59.695683,22.17,23.06,22.47,4.07
2025-05-15 05:06:21.755358,22.13,22.99,22.4,4.07
2025-05-15 05:07:59.695876,22.13,22.99,22.41,4.07
2025-05-15 05:26:21.759444,22.63,22.99,22.37,3.78
2025-05-15 05:27:59.696145,22.71,,22.4,3.78
2025-05-15 05:46:21.763395,23.06,22.99,22.39,3.78
2025-05-15 05:47:59.700557,23.06,,22.39,3.78
2025-05-15 06:06:21.763611,23.26,22.92,22.38,3.78
2025-05-15 06:07:59.703406,23.24,22.91,22.36,3.78
2025-05-15 06:26:21.763950,23.27,22.88,22.36,3.78
2025-05-15 06:27:59.707327,23.26,22.87,22.35,3.78
2025-05-15 06:46:21.764187,23.24,23.09,22.37,3.78
2025-05-15 06:47:59.707605,23.24,22.94,22.34,3.78
2025-05-15 07:06:21.764457,23.17,22.99,,
2025-05-15 07:07:59.715330,23.16,23.1,22.38,
2025-05-15 07:26:21.767487,23.26,22.99,22.39,4.71
2025-05-15 07:27:59.719363,23.24,22.94,22.38,
2025-05-15 07:46:21.767757,23.26,22.74,22.38,5.27
2025-05-15 07:47:59.719583,23.27,22.77,22.41,5.27
2025-05-15 08:06:21.768052,23.27,22.97,22.36,5.57
2025-05-15 08:07:59.723311,23.28,22.98,22.36,5.57
2025-05-15 08:26:21.771402,23.31,23.39,22.29,5.54
2025-05-15 08:27:59.737791,23.31,23.39,22.32,5.54
2025-05-15 08:46:21.775385,23.11,23.62,22.3,6.09
2025-05-15 08:47:59.732872,23.05,23.65,22.3,6.09
2025-05-15 09:07:59.733317,22.87,,22.35,6.35
2025-05-15 09:46:30.704112,23.07,24.41,22.35,7.19
2025-05-15 10:06:30.704736,23.1,24.36,22.48,8.3
2025-05-15 10:25:30.123398,23.05,24.27,22.53,8.49
2025-05-15 10:45:30.127419,23.46,24.41,,8.96
2025-05-15 11:05:30.127657,23.79,24.41,22.63,9.02
2025-05-15 12:27:14.894139,23.97,24.2,22.86,10.18
2025-05-15 12:48:14.783555,24.14,23.45,22.86,10.29
2025-05-15 13:10:09.267727,24.13,22.93,22.78,10.69
2025-05-15 13:28:14.791968,23.88,22.83,22.68,9.64
2025-05-15 13:46:41.803907,23.55,23.01,22.31,8.23
2025-05-15 14:05:33.524045,,23.08,22.32,7.45
2025-05-15 14:06:13.815371,23.8,23.08,22.31,7.45
2025-05-15 14:46:53.852314,23.78,23.03,22.31,7.1
2025-05-15 14:52:13.061901,23.65,22.99,22.31,7.1
2025-05-15 15:08:14.819944,23.49,23.14,22.21,6.27
2025-05-15 15:26:42.083621,23.66,23.11,22.23,5.8
2025-05-15 15:26:52.302108,23.69,23.1,22.22,5.8
2025-05-15 15:28:14.823954,23.68,23.1,22.25,5.8
2025-05-15 15:46:24.114157,23.88,,22.29,6.64
2025-05-15 16:05:30.206263,23.88,23.34,,6.79
2025-05-15 16:13:08.652084,23.83,23.28,,6.79
2025-05-15 16:27:25.771904,23.62,23.23,,6.65
2025-05-15 18:43:55.750389,23.34,23.05,,8.32
2025-05-15 18:45:44.775264,23.37,23.03,22.16,8.32
2025-05-15 19:05:44.775375,23.41,23.18,22.14,7.93
2025-05-15 19:25:44.775639,23.23,,22.1,7.93
2025-05-15 19:45:44.776003,22.91,23.2,22.1,6.46
2025-05-15 20:05:44.776215,23.04,23.23,22.07,6.82
2025-05-15 20:25:44.776574,23.22,,21.97,6.46
2025-05-15 20:45:44.776804,23.17,23.11,21.9,6.46
2025-05-15 21:05:44.777037,23.13,23.1,21.93,6.65
2025-05-15 21:25:44.777353,23.11,23.03,22.06,6.29
2025-05-15 21:45:44.777091,23.12,22.93,,6.29
2025-05-15 22:05:44.777812,23.15,23.06,22.3,6.09
2025-05-15 22:25:44.778015,23.11,,22.3,6.37
2025-05-15 22:45:44.778905,23.0,22.91,22.37,6.37
2025-05-15 22:55:22.677954,23.1,22.91,22.33,6.37
2025-05-15 22:55:44.729667,23.09,22.89,22.35,6.37
2025-05-15 23:05:13.830573,23.17,22.85,22.35,6.37
2025-05-15 23:05:53.900176,23.18,22.87,22.35,6.37
2025-05-15 23:25:53.900988,23.37,22.69,22.31,6.09
2025-05-15 23:45:53.901185,23.54,22.67,22.3,5.9
2025-05-16 00:05:53.901433,23.23,22.71,22.29,5.93
2025-05-16 00:25:53.901678,22.97,22.77,22.29,5.44
2025-05-16 00:45:53.901984,23.02,22.8,22.28,5.35
2025-05-16 01:05:53.902212,22.94,22.8,22.19,5.26
2025-05-16 01:25:53.902469,22.79,22.69,22.18,5.26
2025-05-16 01:45:53.902908,22.58,22.69,22.21,5.26
2025-05-16 02:05:53.903210,22.54,22.66,22.17,5.26
2025-05-16 02:25:53.903349,22.58,22.51,22.16,4.98
2025-05-16 02:45:53.903631,22.54,22.47,22.13,5.45
2025-05-16 03:05:53.903854,22.42,22.45,22.15,5.45
2025-05-16 03:25:53.904199,22.41,22.44,22.18,5.54
2025-05-16 03:45:53.903858,22.46,22.37,22.11,5.54
2025-05-16 04:05:53.904703,22.48,22.32,22.09,5.54
2025-05-16 04:45:53.905180,22.42,22.27,22.14,5.9
2025-05-16 05:05:53.905415,22.38,22.26,22.09,6.09
2025-05-16 05:25:53.905630,22.37,22.21,22.07,6.09
2025-05-16 05:45:53.906122,22.31,22.17,22.07,6.56
2025-05-16 06:05:53.906298,22.11,22.17,22.06,6.65
2025-05-16 06:25:53.906594,22.05,22.18,22.04,6.92
2025-05-16 06:45:53.906920,22.02,22.18,22.03,7.2
2025-05-16 07:05:53.920062,22.02,22.18,22.03,7.3
2025-05-16 07:25:53.907396,22.09,22.27,22.02,7.11
2025-05-16 07:45:53.907964,22.18,22.2,22.01,6.93
2025-05-16 08:05:53.908177,22.28,22.37,22.0,7.2
2025-05-16 08:25:53.908369,22.29,22.59,21.96,7.47
2025-05-16 08:45:53.908646,22.32,22.81,21.92,7.99
2025-05-16 09:05:53.908911,22.85,23.17,21.93,8.86
2025-05-16 09:25:53.909280,22.96,23.12,22.02,9.41
2025-05-16 09:45:53.909542,22.9,23.06,22.12,9.81
2025-05-16 10:05:53.909281,22.98,23.19,22.13,10.37
2025-05-16 10:25:53.910043,22.95,23.3,22.1,10.93
2025-05-16 10:45:53.909801,22.96,23.51,22.12,11.64
2025-05-16 11:05:53.910026,22.85,23.4,22.14,12.37
2025-05-16 11:25:53.910276,22.98,23.38,22.17,12.85
2025-05-16 11:45:53.910954,23.04,23.64,22.21,12.82
2025-05-16 12:05:53.911240,23.15,23.7,22.29,13.48
2025-05-16 12:25:53.911610,22.92,23.39,22.34,14.13
2025-05-16 12:45:53.911278,22.69,23.32,22.28,14.62
2025-05-16 13:05:53.912216,22.83,23.35,22.26,12.18
2025-05-16 13:25:53.912479,22.81,23.21,22.23,14.3
2025-05-16 13:45:53.912655,22.77,23.15,22.18,14.42
2025-05-16 14:05:53.912902,22.83,23.13,22.12,13.85
2025-05-16 14:25:53.913164,22.79,23.13,22.12,13.49
2025-05-16 14:45:53.913386,22.69,23.17,22.02,13.86
2025-05-16 15:05:53.913608,22.84,23.05,22.08,11.76
2025-05-16 15:25:53.913908,23.04,23.14,22.15,12.33
2025-05-16 15:45:53.914113,22.92,23.22,22.12,12.66
2025-05-16 16:05:53.914312,23.23,23.2,22.08,12.19
2025-05-16 16:25:53.914572,23.2,23.17,22.14,11.48
2025-05-16 17:21:03.677314,23.23,22.69,22.34,9.88
2025-05-16 17:21:22.861582,23.2,22.69,22.35,9.88
2025-05-16 17:41:22.862282,23.11,22.87,22.35,9.98
2025-05-16 18:21:22.862790,22.78,22.82,22.43,11.0
2025-05-16 18:41:22.862465,22.79,22.75,22.36,10.44
2025-05-16 19:01:22.862668,22.84,22.72,22.29,10.44
2025-05-16 19:21:22.862879,22.81,22.71,22.25,10.34
2025-05-16 19:36:48.237111,22.74,22.72,22.22,10.33
2025-05-16 19:37:10.936148,22.73,22.74,22.19,10.33
2025-05-16 19:57:10.937814,22.99,22.99,22.14,10.15
2025-05-16 20:17:10.935879,23.08,23.2,22.13,10.06
2025-05-16 20:37:10.936065,23.0,23.21,22.1,9.59
2025-05-16 20:57:10.936728,22.96,23.19,22.09,9.59
2025-05-16 21:17:10.936957,22.89,23.22,22.1,9.32
2025-05-16 21:37:10.937228,22.95,23.11,22.12,9.41
2025-05-16 21:57:10.937437,22.96,22.95,22.26,9.41
2025-05-16 22:17:10.937704,22.98,22.95,22.26,9.41
2025-05-16 22:37:10.937839,22.9,23.19,22.3,9.22
2025-05-16 22:52:10.211772,22.95,23.19,22.25,9.22
2025-05-16 23:52:10.222516,22.77,22.95,22.21,8.95
2025-05-16 23:52:44.574868,22.81,22.94,22.26,8.95
2025-05-17 00:12:44.576411,22.78,22.93,22.31,8.86
2025-05-17 00:32:44.576159,22.81,22.95,22.31,8.3
2025-05-17 00:52:44.576439,22.57,23.0,22.33,8.3
2025-05-17 01:12:44.576652,22.49,22.94,22.29,8.3
2025-05-17 01:32:44.577318,22.48,22.96,22.23,8.3
2025-05-17 01:52:44.577098,22.4,22.95,22.3,8.3
2025-05-17 02:12:44.577359,22.33,22.92,22.26,8.3
2025-05-20 21:05:28.823427,25.07,23.25,22.7,16.74
2025-05-20 21:06:13.076678,24.96,23.22,22.66,16.74
2025-05-20 21:26:13.077711,23.94,23.12,22.61,15.53
2025-05-20 21:46:13.077915,23.79,23.0,22.8,16.0
2025-05-20 22:06:13.078367,23.71,22.82,22.71,15.5
2025-05-20 22:38:37.239242,23.76,22.99,22.61,14.44
2025-05-20 22:39:57.976051,23.78,23.0,22.65,14.44
2025-05-20 22:56:08.210666,23.72,22.92,22.59,13.99
2025-05-20 22:57:08.921590,23.73,22.91,22.6,13.99
2025-05-20 23:17:08.922113,23.51,22.86,22.53,13.39
2025-05-20 23:37:08.922372,23.16,22.83,22.49,12.67
2025-05-21 00:36:08.228149,22.59,22.89,22.61,12.7
2025-05-21 00:37:13.088149,22.59,22.88,22.6,12.7
2025-05-21 00:57:13.088257,22.4,22.83,22.58,13.33
2025-05-21 01:17:13.088954,22.32,22.69,22.57,13.09
2025-05-21 01:37:13.089161,22.23,22.63,22.51,12.83
2025-05-21 01:57:13.089422,22.06,22.6,22.44,12.83
2025-05-21 02:17:13.091749,21.93,22.57,22.38,12.58
2025-05-21 02:37:13.100939,21.81,22.47,22.38,11.91
2025-05-21 02:57:13.101263,21.7,22.44,22.37,11.66
2025-05-21 03:17:13.101504,21.58,22.37,22.31,11.07
2025-05-21 04:16:08.268009,21.31,22.2,22.26,9.91
2025-05-21 04:16:33.710988,21.29,22.2,22.28,9.91
2025-05-21 04:36:33.711030,21.18,22.2,22.22,9.43
2025-05-21 04:56:33.711019,21.06,22.08,22.18,9.43
2025-05-21 05:16:33.711316,21.02,22.0,22.13,9.11
2025-05-21 05:36:33.711752,20.88,22.07,22.16,9.72
2025-05-21 05:56:33.712001,20.86,22.09,22.12,9.96
2025-05-21 06:16:33.712228,20.83,22.05,22.11,10.48
2025-05-21 06:36:33.712492,20.8,22.02,22.09,11.76
2025-05-21 06:56:33.715722,20.78,21.97,22.1,11.85
2025-05-21 07:16:33.715981,20.84,22.25,22.07,12.52
2025-05-21 07:36:33.716172,21.23,22.68,22.11,13.58
2025-05-21 07:56:33.716429,21.61,22.73,22.13,14.83
2025-05-21 08:56:08.291820,22.33,23.02,22.31,18.24
2025-05-21 08:56:57.519443,22.33,23.09,22.3,18.24
2025-05-21 09:16:57.520488,22.66,23.42,22.35,18.82
2025-05-21 09:36:57.519642,22.83,23.28,22.48,19.54
2025-05-21 09:56:57.522734,22.79,22.98,22.65,19.68
2025-05-21 10:16:57.520237,23.0,23.27,22.63,19.25
2025-05-21 11:16:08.331063,23.33,23.36,22.79,19.02
2025-05-21 11:16:33.241790,23.31,23.33,22.78,19.02
2025-05-21 11:36:33.247695,23.43,23.38,22.85,19.47
2025-05-21 12:56:25.002710,24.31,24.07,22.89,22.17
2025-05-21 13:16:25.007840,24.57,24.12,23.07,21.83
2025-05-21 13:36:25.011770,24.83,24.13,23.24,22.41
2025-05-21 13:56:25.011934,24.89,24.12,23.26,22.23
2025-05-21 14:16:25.015761,24.8,23.93,23.29,21.33
2025-05-21 14:36:25.022717,24.86,24.0,23.33,21.28
2025-05-21 14:56:25.022713,24.78,24.02,23.37,21.55
2025-05-21 15:16:25.023732,23.84,23.93,23.37,22.51
2025-05-21 16:16:08.500256,24.47,23.79,23.38,19.45
2025-05-21 17:16:08.531856,24.75,24.05,23.38,18.85
2025-05-21 17:16:38.486881,24.78,24.03,23.38,18.85
2025-05-21 17:36:38.483811,24.8,24.18,23.38,19.22
2025-05-21 17:56:38.487821,24.63,24.23,23.37,19.25
2025-05-21 18:16:38.491737,24.59,24.04,23.35,19.58
2025-05-21 18:36:38.503754,24.49,24.14,23.34,19.25
2025-05-21 18:56:38.503927,24.39,24.12,23.32,18.94
2025-05-21 19:16:38.507778,24.33,24.14,23.35,18.48
2025-05-21 19:36:38.515771,24.24,23.84,23.34,18.48
2025-05-21 19:56:38.516012,24.19,24.04,23.3,18.48
2025-05-21 20:16:38.523729,24.21,24.5,23.29,17.51
2025-05-21 20:36:38.527755,24.28,24.67,23.3,15.65
2025-05-21 20:56:38.534735,24.29,24.6,23.34,15.65
2025-05-21 22:20:07.539299,23.03,24.38,23.35,15.54
2025-05-21 23:24:23.605972,24.32,24.14,23.35,14.68
2025-05-21 23:25:08.384885,24.32,24.11,23.34,14.68
2025-05-21 23:45:08.385010,24.51,24.01,23.31,14.68
2025-05-22 00:25:08.385576,24.6,24.08,23.32,14.57
2025-05-22 09:46:14.433364,23.27,23.39,22.86,11.46
2025-05-22 09:48:41.335056,23.3,23.38,22.85,11.46
2025-05-22 10:08:41.336813,23.41,23.36,22.91,11.46
2025-05-22 10:28:41.336997,23.52,23.54,22.89,11.51
2025-05-22 10:39:54.807456,23.56,23.65,22.89,11.73
2025-05-22 10:40:07.382845,23.54,23.64,22.9,11.73
2025-05-22 11:00:07.385362,22.75,23.82,22.91,12.16
2025-05-22 11:20:07.383390,21.79,23.82,23.3,12.53
2025-05-22 11:40:07.383632,22.68,23.86,23.27,12.96
2025-05-22 12:00:07.383956,23.3,23.27,23.11,13.35
2025-05-22 12:20:07.384365,23.49,23.23,23.02,14.0
2025-05-22 12:40:07.384373,23.58,23.16,22.98,14.5
2025-05-22 13:00:07.384666,23.52,23.19,22.95,14.35
2025-05-22 13:20:07.384875,23.54,23.16,22.99,14.99
2025-05-22 13:40:07.385089,23.57,23.25,23.0,15.04
2025-05-22 14:39:54.834379,22.24,23.78,22.89,15.24
2025-05-22 15:00:07.386187,22.15,23.85,22.88,15.32
2025-05-22 15:20:07.386448,21.97,23.9,22.88,15.32
2025-05-22 15:24:34.989082,21.89,23.9,22.88,15.32
2025-05-22 16:07:12.862382,21.48,23.74,22.98,14.83
2025-05-22 18:25:12.937838,22.41,23.31,22.8,11.28
2025-05-22 18:36:45.655817,22.51,23.38,22.73,11.28
2025-05-22 18:45:33.124704,22.57,23.43,22.77,11.28
2025-05-22 18:48:55.161510,22.6,23.41,22.79,11.28
2025-05-22 19:45:33.136025,22.88,23.63,22.86,11.23
2025-05-22 19:46:41.631257,22.89,23.63,22.86,11.23
2025-05-22 20:06:41.631484,22.9,23.46,22.87,11.17
2025-05-22 20:26:41.632116,22.91,23.61,22.88,10.92
2025-05-22 20:46:41.632344,22.95,23.7,22.81,10.92
2025-05-22 21:06:41.632614,23.46,23.63,22.81,10.76
2025-05-22 21:26:41.632298,23.82,23.62,22.87,10.76
2025-05-22 21:46:41.633060,24.0,23.59,22.92,10.55
2025-05-22 22:06:41.633230,23.85,23.61,22.88,10.35
2025-05-22 22:26:41.633399,23.57,23.62,22.82,10.35
2025-05-22 22:46:41.633696,23.33,23.5,22.8,10.33
2025-05-22 23:06:41.633799,23.3,23.52,22.78,10.51
2025-05-22 23:26:41.637311,23.35,23.4,22.82,10.33
2025-05-22 23:46:41.641849,23.37,23.37,22.81,10.08
2025-05-23 00:06:41.643208,23.29,23.32,22.81,9.78
2025-05-23 00:26:41.641719,23.13,23.28,22.8,9.16
2025-05-23 00:46:41.642409,23.14,23.19,22.81,8.53
2025-05-23 01:06:41.642670,23.08,23.17,22.73,7.87
2025-05-23 01:26:41.642940,23.13,23.11,22.73,7.72
2025-05-23 01:46:41.642610,23.08,22.97,22.67,7.13
2025-05-23 02:06:41.642754,23.04,22.97,22.61,6.97
2025-05-23 03:05:33.179517,23.04,22.94,22.41,6.5
2025-05-23 03:06:00.720251,23.06,22.93,22.42,6.5
2025-05-23 03:26:00.720588,22.98,22.92,22.39,6.13
2025-05-23 03:46:00.721250,22.92,22.91,22.35,5.67
2025-05-23 04:06:00.721535,22.9,22.87,22.33,5.38
2025-05-23 04:26:00.721228,22.82,22.79,22.3,5.16
2025-05-23 04:46:00.721901,22.79,22.72,22.26,5.0
2025-05-23 05:06:00.721696,22.8,22.66,22.23,4.8
2025-05-23 05:26:00.721870,22.79,22.69,22.18,4.25
2025-05-23 05:46:00.722045,22.79,22.84,22.17,4.55
2025-05-23 06:06:00.722832,22.78,23.04,22.24,4.83
2025-05-23 07:05:33.206906,22.84,23.25,22.37,7.12
2025-05-23 07:05:59.666161,22.81,23.27,22.38,7.12
2025-05-23 07:25:46.244903,22.84,22.99,22.39,7.7
2025-05-23 07:25:33.214527,22.84,22.99,22.39,7.7
2025-05-23 07:25:59.669782,22.86,22.97,22.37,7.7
2025-05-23 08:05:46.249838,22.88,23.19,22.38,9.06
2025-05-23 08:05:59.678285,22.89,23.21,22.39,9.06
2025-05-23 08:25:46.253949,22.99,23.6,22.38,9.34
2025-05-23 08:45:46.254038,23.3,24.0,22.42,9.96
2025-05-23 09:05:46.254256,23.52,24.13,22.48,10.44
2025-05-23 09:06:03.053315,23.53,24.16,22.49,10.44
2025-05-23 09:25:46.254602,23.69,24.24,22.51,10.6
2025-05-23 09:36:23.658186,23.69,24.26,22.49,10.83
2025-05-23 09:39:19.001721,23.76,24.25,22.5,10.83
2025-05-23 09:59:19.002652,23.78,24.2,22.53,11.26
2025-05-23 10:19:19.002999,23.79,24.18,22.58,11.45
2025-05-23 10:39:19.003364,23.86,24.28,22.65,11.85
2025-05-23 11:09:46.842577,23.35,24.22,22.77,12.01
2025-05-23 11:13:08.871266,22.9,24.2,22.79,12.01
2025-05-23 12:08:41.578097,22.06,24.19,22.55,13.07
2025-05-23 12:10:38.146412,21.86,24.19,22.51,13.07
2025-05-23 12:28:00.081286,20.79,24.14,22.43,13.28
2025-05-23 12:29:00.139370,20.92,24.13,22.44,13.28
2025-05-23 12:49:00.140163,20.91,24.1,22.74,13.53
2025-05-23 13:09:00.140318,22.02,23.87,22.64,13.83
2025-05-23 13:29:00.140012,22.48,23.89,22.58,13.83
2025-05-23 13:49:00.140620,22.77,23.47,22.54,13.48
2025-05-23 14:48:00.099473,23.23,23.75,22.59,15.1
2025-05-23 14:51:09.756144,23.25,23.74,22.63,15.1
2025-05-23 15:31:09.757109,23.5,23.79,22.61,15.1
2025-05-23 16:11:09.757616,23.35,23.82,22.61,15.37
2025-05-23 16:31:09.757277,23.5,23.65,22.6,15.27
2025-05-23 16:51:09.757429,23.66,23.7,22.66,15.3
2025-05-23 17:31:09.759594,23.79,23.68,22.83,15.54
2025-05-23 17:51:09.760109,23.88,23.88,22.83,15.79
2025-05-23 18:11:09.760955,23.85,23.84,22.9,15.49
2025-05-23 18:31:09.760552,23.61,23.61,22.88,15.5
2025-05-23 19:28:00.120892,23.12,23.69,22.81,14.42
2025-05-23 19:29:30.806599,23.06,23.68,22.79,14.42
2025-05-23 19:31:09.761685,23.07,23.67,22.81,14.66
2025-05-23 20:12:36.890187,23.22,23.85,22.67,13.12
2025-05-23 20:13:14.306431,23.21,23.92,22.71,13.12
2025-05-23 20:49:30.812112,23.35,23.78,22.75,13.0
2025-05-23 20:51:09.773251,23.32,23.82,22.75,13.0
2025-05-23 20:53:14.312632,23.3,23.77,22.72,13.0
2025-05-23 21:09:30.816167,23.17,23.86,22.66,10.0
2025-05-23 21:11:09.776687,23.22,23.88,22.65,10.0
2025-05-23 21:13:14.316126,23.14,23.9,22.6,10.37
2025-05-23 21:29:30.816417,23.06,23.93,22.56,9.92
2025-05-23 21:31:09.780156,23.05,23.89,22.53,9.92
2025-05-23 21:33:14.316355,23.06,23.85,22.56,10.0
2025-05-23 21:49:30.816585,23.06,23.85,22.37,9.29
2025-05-23 21:51:09.784639,23.06,23.84,22.39,9.29
2025-05-23 21:53:14.317044,22.99,23.85,22.37,9.29
2025-05-23 22:09:30.817291,22.89,23.89,22.09,8.94
2025-05-23 22:11:09.784363,22.88,23.87,22.04,8.94
2025-05-23 22:13:14.317445,22.88,23.87,21.97,8.94
2025-05-23 22:29:30.817577,22.8,23.93,22.12,8.51
2025-05-23 22:31:09.784608,22.79,23.94,22.12,8.51
2025-05-23 22:33:14.320129,22.81,23.9,22.18,8.59
2025-05-23 22:49:30.817834,22.73,23.88,22.31,8.29
2025-05-23 22:51:09.784800,22.7,23.9,22.33,8.29
2025-05-23 22:53:14.320312,22.7,23.88,22.33,8.29
2025-05-23 23:09:30.817627,22.63,23.85,22.37,8.04
2025-05-23 23:11:09.788639,22.6,23.88,22.36,8.04
2025-05-23 23:13:14.320514,22.64,23.86,22.37,8.04
2025-05-23 23:29:30.820135,22.55,23.83,22.41,7.91
2025-05-23 23:31:09.788906,22.53,23.78,22.39,7.91
2025-05-23 23:33:14.321201,22.53,23.78,22.39,7.91
2025-05-23 23:49:30.820861,22.42,23.67,22.42,8.18
2025-05-23 23:51:09.789151,22.4,23.63,22.41,7.88
2025-05-23 23:53:14.321548,22.41,23.62,22.43,7.88
2025-05-24 00:09:30.820562,22.32,23.55,22.43,7.43
2025-05-24 00:11:09.789426,22.35,23.54,22.45,7.43
2025-05-24 00:13:14.321704,22.33,23.53,22.46,7.43
2025-05-24 00:31:09.789958,22.27,23.48,22.51,7.63
2025-05-24 00:33:14.324637,22.3,23.42,22.48,7.63
2025-05-24 00:51:09.792729,22.92,23.4,22.55,7.48
2025-05-24 00:53:14.324907,22.98,23.39,22.55,7.48
2025-05-24 01:11:09.792942,23.3,23.38,22.57,7.06
2025-05-24 01:13:14.328096,23.33,23.38,22.54,7.06
2025-05-24 01:31:09.796677,23.46,23.38,22.58,7.06
2025-05-24 01:33:14.332621,23.46,23.33,22.6,7.06
2025-05-24 01:51:09.800666,23.42,23.25,22.56,6.4
2025-05-24 01:53:14.332842,23.38,23.26,22.57,6.4
2025-05-24 02:11:09.804670,23.22,23.2,22.6,5.66
2025-05-24 02:13:14.333132,23.19,23.21,22.56,5.66
2025-05-24 02:31:09.808764,23.12,23.19,22.57,5.97
2025-05-24 02:33:14.336732,23.14,23.19,22.59,5.97
2025-05-24 02:51:09.809022,23.22,23.16,22.65,5.9
2025-05-24 02:53:14.336425,23.25,23.16,22.61,5.9
2025-05-24 03:11:09.812679,23.27,23.17,22.62,5.66
2025-05-24 03:13:14.340626,23.27,23.18,22.65,5.66
2025-05-24 03:31:09.818918,23.19,23.19,22.6,5.25
2025-05-24 03:33:14.344646,23.14,23.19,22.6,5.25
2025-05-24 03:51:09.817015,23.1,23.18,22.59,5.23
2025-05-24 03:53:14.344921,23.09,23.17,22.62,4.97
2025-05-24 04:11:09.820935,23.03,23.18,22.6,5.23
2025-05-24 04:13:14.348619,23.06,23.16,22.62,5.23
2025-05-24 04:31:09.834661,22.99,23.13,22.59,5.42
2025-05-24 04:33:14.352690,22.99,23.08,22.55,5.42
2025-05-24 04:51:09.824754,22.95,22.89,22.58,5.07
2025-05-24 05:11:09.828851,23.02,22.88,22.55,4.81
2025-05-24 05:31:09.832572,22.99,22.95,22.6,4.91
2025-05-24 05:51:09.832815,22.89,23.1,22.67,4.92
2025-05-24 06:11:09.836623,22.91,23.2,22.72,5.08
2025-05-24 06:52:37.005086,23.1,23.62,22.84,7.7
2025-05-24 06:52:50.985406,23.12,23.65,22.83,7.7
2025-05-24 07:12:50.988618,23.08,23.71,22.88,8.51
2025-05-24 07:32:50.992648,23.13,23.89,22.97,9.08
2025-05-24 07:52:50.996685,23.22,24.12,22.99,9.56
2025-05-24 08:12:51.000597,23.29,24.24,23.02,10.44
2025-05-24 09:08:00.263938,23.45,24.28,23.08,11.47
2025-05-24 09:13:06.944474,23.49,24.38,23.07,11.57
2025-05-24 09:13:11.692307,23.49,24.38,23.07,11.57
2025-05-24 09:28:32.116647,23.66,24.58,22.87,11.67
2025-05-24 09:53:06.952774,23.87,24.86,22.78,12.31
2025-05-24 10:33:06.968594,23.78,24.67,22.88,12.89
2025-05-24 10:53:06.976572,23.73,24.66,23.0,13.47
2025-05-24 11:13:06.980573,23.79,24.74,23.02,13.53
2025-05-24 11:33:06.984647,23.79,24.78,23.0,13.83
2025-05-24 12:28:00.354759,23.8,24.86,23.07,13.83
2025-05-24 12:28:16.419780,23.8,24.84,23.04,13.83
2025-05-24 12:48:16.408363,23.78,24.78,23.12,14.92
2025-05-24 13:08:16.408540,23.76,24.76,23.14,14.86
2025-05-24 13:28:16.416602,23.83,24.76,23.12,15.2
2025-05-24 13:48:16.424655,23.78,24.68,23.08,15.74
2025-05-24 14:08:16.428569,23.81,24.61,23.1,15.57
2025-05-24 14:28:16.440603,23.86,24.58,23.07,15.33
2025-05-24 14:48:16.444596,23.79,24.51,23.04,15.65
2025-05-24 15:08:16.448595,23.7,24.41,23.04,15.2
2025-05-24 15:28:16.452975,23.55,24.16,23.03,15.4
2025-05-24 15:48:16.453207,23.39,23.87,23.04,15.63
2025-05-24 16:08:16.453476,23.3,23.67,22.94,15.81
2025-05-24 16:28:16.456631,23.22,23.38,22.87,15.94
2025-05-24 16:48:16.468605,23.13,23.27,22.84,15.22
2025-05-24 17:08:16.480563,23.1,23.65,22.6,15.97
2025-05-24 17:28:16.480838,23.14,23.69,22.56,15.84
2025-05-24 17:48:16.481093,23.1,23.7,22.49,16.05
2025-05-24 18:08:16.488649,23.08,23.91,22.57,16.35
2025-05-24 18:28:16.492634,23.17,24.08,22.57,16.53
2025-05-24 18:48:16.492823,23.15,23.99,22.63,16.13
2025-05-24 19:08:16.509067,23.15,23.97,22.68,15.83
2025-05-24 19:28:16.512679,23.07,24.13,22.68,15.37
2025-05-24 19:48:16.521855,23.11,24.16,22.79,15.0
2025-05-24 20:32:37.684683,23.08,24.12,22.83,13.17
2025-05-24 20:32:37.452958,23.08,24.12,22.83,13.17
2025-05-24 20:53:41.140228,23.05,24.14,22.86,10.57
2025-05-24 21:12:56.573090,23.03,24.1,22.81,11.34
2025-05-24 21:12:53.616671,23.05,24.06,22.81,11.34
2025-05-24 21:13:41.141345,23.02,24.08,22.81,11.34
2025-05-24 21:32:53.624731,22.94,24.04,22.81,10.76
2025-05-24 21:52:53.632608,22.9,23.94,22.78,9.29
2025-05-24 21:52:56.588654,22.9,23.94,22.78,9.29
2025-05-24 21:52:54.352432,22.9,23.94,22.78,9.29
2025-05-24 21:53:41.144687,22.89,23.98,22.78,9.29
2025-05-24 22:12:53.644650,22.82,23.92,22.71,8.94
2025-05-24 22:12:54.357179,22.82,23.92,22.75,8.94
2025-05-24 22:13:41.148692,22.79,23.93,22.73,8.94
2025-05-24 22:32:56.608754,22.78,23.87,22.69,8.51
2025-05-24 22:33:41.156651,22.76,23.85,22.67,8.51
2025-05-24 22:52:53.660730,22.72,23.83,22.63,8.88
2025-05-24 22:53:41.156930,22.69,23.8,22.63,8.88
2025-05-24 23:12:53.664711,22.61,23.82,22.6,8.64
2025-05-24 23:12:56.620773,22.61,23.87,22.6,8.64
2025-05-24 23:13:41.160669,22.65,23.85,22.57,8.64
2025-05-24 23:32:53.675479,22.71,23.97,22.55,8.22
2025-05-24 23:33:41.164680,22.72,24.02,22.58,8.22
2025-05-24 23:52:53.676633,22.75,23.96,22.54,7.8
2025-05-24 23:53:41.173204,22.76,24.0,22.54,7.97
2025-05-25 00:12:53.684640,22.73,23.9,22.51,7.56
2025-05-25 00:12:54.405199,22.69,23.9,22.51,7.56
2025-05-25 00:13:41.176674,22.71,23.9,22.54,7.56
2025-05-25 00:32:53.696704,22.64,23.9,22.47,7.56
2025-05-25 01:12:53.708618,22.45,23.61,22.59,8.05
2025-05-25 01:13:39.640060,22.44,23.6,22.59,8.05
2025-05-25 01:32:53.712660,22.32,23.46,22.52,8.09
2025-05-25 01:32:56.652788,22.32,23.43,22.52,8.09
2025-05-25 01:32:54.437218,22.32,23.43,22.52,8.09
2025-05-25 01:33:39.636680,22.35,23.45,22.53,8.09
2025-05-25 01:52:53.720721,22.3,23.37,22.48,8.04
2025-05-25 01:53:39.640669,22.31,23.38,22.46,8.04
2025-05-25 02:12:53.724699,22.2,23.27,22.4,7.6
2025-05-25 02:13:39.668711,22.16,23.3,22.41,7.6
2025-05-25 02:32:54.471971,22.04,23.23,22.38,7.4
2025-05-25 02:32:53.728643,22.04,23.23,22.36,7.4
2025-05-25 02:33:39.672648,22.04,23.2,22.37,7.4
2025-05-25 02:52:53.732707,21.96,23.2,22.33,6.98
2025-05-25 02:52:54.465201,21.96,23.2,22.33,6.98
2025-05-25 02:52:56.684792,21.96,23.2,22.33,6.98
2025-05-25 02:53:39.680693,21.95,23.2,22.33,6.98
2025-05-25 03:12:53.740651,21.83,23.19,22.28,6.88
2025-05-25 03:13:39.688736,21.84,23.2,22.28,6.88
2025-05-25 03:32:53.748705,21.8,23.23,22.25,6.35
2025-05-25 03:32:56.701092,21.8,23.23,22.23,6.35
2025-05-25 03:32:54.473596,21.8,23.21,22.23,6.35
2025-05-25 03:33:39.696655,21.78,23.23,22.28,6.35
2025-05-25 03:52:53.756652,21.69,23.22,22.25,5.53
2025-05-25 03:53:39.705294,21.71,23.2,22.26,5.53
2025-05-25 04:32:53.779477,21.54,23.09,22.13,5.67
2025-05-25 04:33:39.716087,21.53,23.09,22.16,5.67
2025-05-25 04:52:53.784652,21.46,22.93,22.1,5.27
2025-05-25 04:53:39.724662,21.42,22.92,22.08,5.27
2025-05-25 05:12:53.796648,21.32,22.83,22.08,5.5
2025-05-25 05:12:54.505171,21.32,22.83,22.08,5.5
2025-05-25 05:13:39.728708,21.35,22.82,22.07,5.5
2025-05-25 05:32:53.816658,21.31,22.9,22.09,5.07
2025-05-25 05:33:39.744621,21.33,22.88,22.09,5.07
2025-05-25 05:52:53.824204,21.31,22.92,22.09,5.33
2025-05-25 05:52:54.517183,21.31,22.92,22.09,5.33
2025-05-25 05:53:39.748698,21.31,22.88,22.06,5.33
2025-05-25 06:12:53.828670,21.32,23.14,22.12,5.54
2025-05-25 06:12:54.525278,21.34,23.14,22.11,5.54
2025-05-25 06:13:39.764646,21.34,23.13,22.15,5.54
2025-05-25 06:32:54.533332,21.48,23.37,22.14,6.93
2025-05-25 06:32:53.840647,21.48,23.37,22.14,6.93
2025-05-25 06:33:39.776659,21.52,23.36,22.15,6.93
2025-05-25 06:52:53.844715,21.71,23.68,22.18,7.28
2025-05-25 06:53:39.792710,21.73,23.68,22.18,7.28
2025-05-25 07:12:53.856688,21.9,23.9,22.21,7.8
2025-05-25 07:12:54.537597,21.85,23.9,22.22,7.8
2025-05-25 07:13:39.809025,21.86,23.88,22.23,7.8
2025-05-25 07:32:53.864632,22.06,24.02,22.26,9.53
2025-05-25 07:32:54.541272,22.06,24.02,22.24,9.53
2025-05-25 07:33:39.816652,22.1,24.02,22.27,9.53
2025-05-25 07:52:54.549268,22.32,24.2,22.3,10.36
2025-05-25 07:53:39.824645,22.35,24.21,22.29,10.36
2025-05-25 08:13:39.828688,22.68,24.21,22.3,11.5
2025-05-25 08:32:54.557121,22.68,23.87,22.3,12.34
2025-05-25 08:32:53.880690,22.71,23.87,22.3,12.34
2025-05-25 08:33:39.836701,22.68,23.87,22.36,12.34
2025-05-25 08:52:53.888697,22.86,23.84,22.33,13.75
2025-05-25 08:53:39.844645,22.88,23.83,22.32,13.75
2025-05-25 09:12:53.892707,23.08,23.94,22.36,14.58
2025-05-25 09:13:39.848623,23.11,23.96,22.35,14.58
2025-05-25 09:32:53.903443,23.18,24.07,22.35,14.98
2025-05-25 09:33:39.856620,23.22,24.08,22.35,14.98
2025-05-25 09:52:53.913038,23.4,24.33,22.58,15.53
2025-05-25 09:53:39.860606,23.41,24.27,22.55,15.53
2025-05-25 10:13:39.865243,23.6,24.43,22.64,16.25
2025-05-25 10:33:39.872749,23.74,24.62,22.44,16.99
2025-05-25 10:32:53.932676,23.76,24.62,22.47,16.99
2025-05-25 10:52:53.944569,23.83,24.67,22.44,17.09
2025-05-25 10:52:54.602055,23.83,24.67,22.44,17.09
2025-05-25 11:13:39.888630,24.0,24.74,22.41,17.71
2025-05-25 11:52:53.976668,24.13,24.76,22.53,18.84
2025-05-25 11:53:39.908683,24.15,24.75,22.55,18.84
2025-05-25 12:13:39.920763,24.21,24.7,22.48,18.37
2025-05-25 12:33:39.929203,24.23,24.58,22.47,19.03
2025-05-25 12:52:53.992662,24.26,24.47,22.44,18.97
2025-05-25 12:53:39.940672,24.26,24.49,22.49,18.97
2025-05-25 13:12:54.000741,24.25,24.45,22.51,19.84
2025-05-25 13:13:39.944686,24.25,24.42,22.47,19.84
2025-05-25 13:32:54.004632,24.31,24.36,22.52,19.76
2025-05-25 13:33:39.952693,24.32,24.35,22.49,19.76
2025-05-25 13:52:54.015487,24.34,24.26,22.53,19.98
2025-05-25 13:53:39.956684,24.32,24.27,22.53,19.98
2025-05-25 14:12:54.012695,24.39,24.2,22.5,20.14
2025-05-25 14:13:39.968777,24.38,24.19,22.51,20.14
2025-05-25 14:32:54.020656,24.41,24.16,22.57,20.43
2025-05-25 14:33:39.972736,24.41,24.17,22.53,20.43
2025-05-25 14:52:54.024743,24.45,24.18,22.57,20.42
2025-05-25 14:53:39.976724,24.48,24.18,22.58,20.42
2025-05-25 15:12:54.032638,24.49,24.17,22.58,20.38
2025-05-25 15:13:39.980645,24.51,24.16,22.61,20.38
2025-05-25 15:32:54.048639,24.5,24.2,22.75,19.99
2025-05-25 15:33:39.988677,24.5,24.19,22.77,19.99
2025-05-25 15:52:54.064722,24.54,24.1,22.88,20.86
2025-05-25 15:53:39.996752,24.53,24.09,22.88,20.86
2025-05-25 16:12:54.076737,24.53,24.05,22.82,20.86
2025-05-25 16:13:39.996959,24.54,24.02,22.81,20.86
2025-05-25 16:33:40.004805,24.51,23.87,22.84,21.2
2025-05-25 16:53:40.008689,24.58,24.08,22.94,21.0
2025-05-25 17:13:40.016591,24.66,24.13,22.87,20.0
2025-05-25 17:33:40.031608,24.64,24.12,22.88,20.0
2025-05-25 17:53:40.041008,24.58,24.13,22.85,19.0
2025-05-25 18:13:40.052663,24.54,24.22,22.89,19.0
2025-05-25 18:33:40.056671,24.49,24.25,22.88,19.0
2025-05-25 18:53:40.068602,24.37,24.25,22.88,18.0
2025-05-25 19:48:01.265234,24.19,24.16,22.86,17.0
2025-05-25 19:48:16.157097,24.18,24.15,22.89,17.0
2025-05-25 20:08:16.168626,24.09,24.17,22.85,17.0
2025-05-25 20:28:16.180755,24.0,24.16,22.88,17.0
2025-05-25 20:48:16.184728,23.94,24.12,22.94,15.97
2025-05-25 21:08:16.191874,23.89,24.06,22.94,15.83
2025-05-25 21:28:16.196635,23.84,24.0,22.9,15.61
2025-05-25 21:48:16.212626,23.83,24.17,22.86,15.0
2025-05-25 22:08:16.228576,23.82,24.36,22.87,14.99
2025-05-25 22:28:16.236627,23.82,24.48,22.86,14.65
2025-05-25 22:48:16.244627,23.81,24.48,22.81,14.7
2025-05-25 23:08:16.268118,23.8,24.42,22.8,14.11
2025-05-25 23:28:16.272584,23.76,24.16,22.88,13.85
2025-05-25 23:48:16.276612,23.7,24.1,22.95,13.54
2025-05-26 00:08:16.280617,23.68,24.0,22.99,13.2
2025-05-26 08:24:58.132511,23.21,23.63,23.33,15.09
2025-05-26 08:28:13.522987,23.27,23.63,23.33,15.09
2025-05-26 08:48:13.523907,23.6,23.67,23.31,15.09
2025-05-26 10:25:32.945350,24.32,23.91,23.37,16.17
2025-05-26 10:25:48.710839,24.35,23.93,23.37,16.17
2025-05-26 10:45:48.711918,24.51,24.1,23.4,16.49
2025-05-26 11:05:48.712216,24.6,24.19,23.42,17.21
2025-05-26 11:25:48.712310,23.79,24.15,23.43,17.65
2025-05-26 11:45:48.712574,23.85,24.17,23.42,18.3
2025-05-26 12:05:48.715482,23.59,24.13,23.43,18.44
2025-05-26 12:25:48.715237,23.3,24.11,23.42,18.89
2025-05-26 12:45:48.715997,23.67,24.1,23.43,18.87
2025-05-26 13:45:32.973141,24.12,24.1,23.39,16.08
2025-05-26 13:46:12.529858,24.15,24.1,23.38,16.08
2025-05-26 14:05:32.978423,24.1,24.2,23.5,16.71
2025-05-26 14:07:19.745222,24.09,24.2,23.51,16.71
2025-05-26 14:46:58.941508,23.81,24.2,23.55,18.68
2025-05-26 15:05:48.720458,23.96,24.19,23.54,18.61
2025-05-26 15:26:12.540032,23.83,24.28,23.5,18.48
2025-05-26 16:25:48.726071,23.55,23.9,23.45,16.95
2025-05-26 16:26:12.543746,23.57,23.88,23.45,16.95
2025-05-26 16:30:17.427682,23.6,23.92,23.46,17.1
2025-05-26 16:46:12.544120,23.68,23.89,23.5,15.8
2025-05-26 16:48:53.604544,23.69,23.85,23.53,15.8
2025-05-26 17:05:48.727036,23.71,23.82,23.53,16.52
2025-05-26 17:07:17.063904,23.67,23.87,23.54,16.52
2025-05-26 17:10:17.428092,23.71,23.86,23.53,16.52
2025-05-26 17:26:12.551591,23.71,23.97,23.54,17.09
2025-05-26 17:30:17.428293,23.74,23.93,23.5,17.09
2025-05-26 17:47:17.071658,23.65,23.9,23.46,18.94
2025-05-26 17:48:53.616050,23.64,23.92,23.48,18.94
2025-05-26 17:50:17.431526,23.62,23.91,23.5,18.94
2025-05-26 18:05:48.739626,23.56,23.97,23.41,19.34
2025-05-26 18:06:12.559495,23.55,23.94,23.38,19.34
2025-05-26 18:07:17.076191,23.55,23.94,23.38,19.34
2025-05-26 18:08:53.619621,23.55,23.95,23.39,19.34
2025-05-26 18:10:17.435540,23.53,23.95,23.39,19.34
2025-05-26 18:25:48.743637,23.49,23.93,23.41,19.83
2025-05-26 18:26:12.563550,23.45,23.94,23.41,19.83
2025-05-26 18:27:17.077924,23.47,23.96,23.4,19.83
2025-05-26 18:28:53.623510,23.45,23.92,23.38,19.83
2025-05-26 18:30:17.435725,23.47,23.94,23.38,19.83
2025-05-26 18:45:48.747559,23.4,23.84,23.38,19.3
2025-05-26 18:46:12.567630,23.39,23.88,23.38,19.3
2025-05-27 01:12:57.767999,22.76,23.37,22.67,12.53
2025-05-27 01:13:29.041710,22.75,23.35,22.65,12.53
2025-05-27 01:33:29.041988,22.65,23.34,22.69,10.33
2025-05-27 01:53:29.042222,22.56,23.24,22.68,10.33
2025-05-27 02:33:29.042640,22.36,23.12,22.74,10.37
2025-05-27 02:53:29.042763,22.3,23.02,22.72,10.09
2025-05-27 03:13:29.042937,22.19,22.99,22.71,9.71
2025-05-27 04:12:57.747742,21.87,22.88,22.75,9.18
2025-05-27 04:13:20.378124,21.87,22.88,22.71,9.18
2025-05-27 04:33:20.378720,21.81,22.73,22.68,7.78
2025-05-27 04:53:20.378447,21.77,22.69,22.67,7.78
2025-05-27 05:13:20.378690,21.67,22.68,22.68,8.99
2025-05-27 05:33:20.379377,21.56,22.7,22.72,9.97
2025-05-27 05:53:20.383691,21.53,22.73,22.75,10.32
2025-05-27 06:13:20.381704,21.58,22.88,22.75,10.61
2025-05-27 07:12:57.770196,21.82,23.16,22.82,12.35
2025-05-27 07:13:11.811681,21.79,23.19,22.82,12.35
2025-05-27 07:33:11.814112,22.02,23.37,22.78,12.59
2025-05-27 07:53:11.813795,22.33,23.7,22.88,12.76
2025-05-27 09:05:01.801702,23.04,24.01,22.87,15.7
2025-05-27 09:05:36.656308,23.03,24.01,22.9,15.7
2025-05-27 09:25:36.656589,23.38,24.16,22.89,16.1
2025-05-27 09:42:06.976219,23.63,24.18,22.92,16.88
2025-05-27 09:45:55.338360,23.72,24.19,22.91,17.05
2025-05-27 10:05:55.336513,23.92,24.29,22.99,17.41
2025-05-27 10:35:38.807484,24.26,24.52,23.1,17.84
2025-05-27 10:36:02.397843,24.28,24.54,23.11,17.84
2025-05-27 10:56:02.396458,24.41,24.61,23.12,18.48
2025-05-27 11:16:02.396636,24.29,24.57,23.18,19.3
2025-05-27 11:36:02.397388,24.51,24.57,23.2,19.92
2025-05-27 11:56:02.397547,24.64,24.5,23.21,19.98
2025-05-27 12:55:38.837816,24.72,24.4,23.37,20.69
2025-05-27 13:55:38.862402,24.91,24.32,23.36,21.25
2025-05-27 13:56:20.049733,24.92,24.29,23.37,21.25
2025-05-27 14:16:20.050439,24.91,24.25,23.36,20.86
2025-05-27 14:36:20.050157,24.81,24.29,23.37,20.85
2025-05-27 14:56:20.050405,24.9,24.24,23.39,21.04
2025-05-27 15:16:20.051157,25.02,24.29,23.41,20.69
2025-05-27 15:36:20.051403,25.07,24.21,23.42,20.46
2025-05-27 15:56:20.051081,25.17,24.17,23.51,20.4
2025-05-27 16:16:20.051294,25.11,24.16,23.47,20.38
2025-05-27 16:36:20.051528,25.2,24.14,23.49,20.62
2025-05-27 16:56:20.052699,25.24,24.2,23.48,20.57
2025-05-27 17:16:20.052954,25.31,24.77,23.44,20.84
2025-05-27 17:36:20.053067,25.29,24.92,23.45,20.38
2025-05-27 17:56:20.053267,25.2,24.87,23.43,20.86
2025-05-27 18:16:20.053022,25.1,24.91,23.43,20.69
2025-05-27 18:36:20.053333,25.03,24.72,23.4,21.07
2025-05-27 18:56:20.053487,24.99,24.68,23.38,20.69
2025-05-27 19:16:20.053678,24.49,24.71,23.38,20.67
2025-05-27 19:36:20.053861,25.2,24.75,23.38,20.0
2025-05-27 19:56:20.054560,25.34,24.58,23.38,20.0
2025-05-27 20:16:20.054318,25.47,24.55,23.39,19.0
2025-05-27 20:36:20.054516,25.49,24.3,23.41,18.0
2025-05-27 20:56:20.056655,25.42,24.13,23.37,18.0
2025-05-27 21:16:20.056840,25.44,23.94,23.35,16.0
2025-05-27 21:36:20.056582,25.41,23.82,23.33,15.0
2025-05-27 21:55:35.622752,25.03,23.79,23.29,15.01
2025-05-27 21:57:49.714994,24.97,23.78,23.3,15.01
2025-05-27 22:17:49.715985,24.76,23.78,23.34,14.25
2025-05-27 22:37:49.716154,24.53,23.73,23.33,13.22
2025-05-27 22:57:49.716218,24.35,23.66,23.37,12.5
2025-05-27 23:17:49.716558,23.93,23.76,23.35,12.34
2025-05-28 00:15:35.641004,23.81,23.23,23.26,11.68
2025-05-28 01:15:35.647822,23.8,22.88,23.11,11.52
2025-05-28 01:17:29.967663,23.8,22.87,23.08,11.52
2025-05-28 01:37:29.967856,23.76,22.69,23.07,11.52
2025-05-28 01:57:29.968038,23.71,22.64,23.04,12.81
2025-05-28 02:55:35.664945,23.47,22.36,22.94,12.28
2025-05-28 03:15:50.093737,23.39,22.22,22.86,12.07
2025-05-28 03:15:50.990641,23.39,22.22,22.86,12.07
2025-05-28 03:35:50.097256,23.31,22.06,22.87,11.69
2025-05-28 04:35:51.001822,23.07,21.73,22.69,10.99
2025-05-28 04:36:39.233242,23.07,21.74,22.71,10.99
2025-05-28 05:15:51.002392,22.94,21.63,22.61,10.63
2025-05-28 05:55:51.861929,22.83,21.7,22.66,11.03
2025-05-28 06:35:51.865973,22.81,21.82,22.65,13.21
2025-05-28 06:55:51.869204,22.79,21.79,22.62,13.65
2025-05-28 07:15:51.873763,22.77,21.71,22.61,13.36
2025-05-28 07:35:51.877710,22.76,22.01,22.61,14.36
2025-05-28 07:55:51.887012,22.82,22.41,22.77,14.76
2025-05-28 08:15:51.885922,23.11,22.94,22.74,15.84
2025-05-28 08:55:51.889917,22.79,23.82,22.75,17.2
2025-05-28 09:15:51.890147,23.23,24.0,22.79,17.88
2025-05-28 09:37:24.128950,23.54,24.1,22.8,18.93
2025-05-28 09:57:24.129946,24.17,24.15,22.86,19.0
2025-05-28 10:17:24.130166,24.37,24.18,22.89,20.0
2025-05-28 11:14:30.591973,24.72,24.24,23.26,19.0
2025-05-28 11:15:11.815538,24.71,24.25,23.29,19.0
2025-05-28 11:35:11.815716,24.73,24.22,23.31,19.0
2025-05-28 11:55:11.815848,24.76,24.18,23.33,19.0
2025-05-28 13:35:49.304559,24.86,24.1,23.38,15.5
2025-05-28 13:37:00.852164,24.88,24.1,23.4,15.5
2025-05-28 13:57:00.853040,24.8,24.09,23.37,15.34
2025-05-28 14:17:00.853322,24.25,24.04,23.39,15.5
2025-05-28 14:37:00.853678,23.74,24.11,23.4,15.47
2025-05-28 14:57:00.857717,23.51,24.12,23.42,15.28
2025-05-28 15:17:00.861214,23.43,24.14,23.46,15.59
2025-05-28 15:37:00.861901,23.49,24.13,23.56,16.18
2025-05-28 15:57:00.862143,23.59,23.92,23.48,16.69
2025-05-28 16:17:00.861956,23.59,23.73,23.47,17.07
2025-05-28 16:37:00.865763,23.62,23.67,23.42,18.0
2025-05-28 16:57:00.869785,23.68,23.8,23.55,18.0
2025-05-28 17:37:00.873938,23.78,24.62,23.58,18.53
2025-05-28 17:57:00.874287,23.63,24.33,23.66,19.0
2025-05-28 18:17:00.874504,23.87,24.29,23.77,19.0
2025-05-28 18:37:00.874175,23.96,24.28,23.67,18.0
2025-05-28 18:57:00.877807,23.97,24.27,23.64,18.0
2025-05-28 19:17:00.881802,23.83,24.21,23.57,19.0
2025-05-28 19:37:00.881997,23.68,24.14,23.57,15.41
2025-05-28 19:57:00.885797,23.61,24.18,23.54,13.81
2025-05-28 20:17:00.886051,23.58,24.15,23.55,13.68
2025-05-28 20:37:00.886185,23.53,24.15,23.65,13.7
2025-05-28 20:55:32.486331,22.67,24.37,23.57,13.29
2025-05-28 21:15:32.487089,22.05,24.62,23.55,13.29
2025-05-28 21:35:32.487289,21.78,24.56,23.58,13.01
2025-05-28 21:55:32.490138,21.47,24.4,23.67,13.02
2025-05-28 22:15:32.487786,21.31,24.32,23.61,12.83
2025-05-28 23:12:35.520654,20.81,24.0,23.52,12.59
2025-05-28 23:12:55.204177,20.83,24.01,23.52,12.59
2025-05-29 00:19:50.113161,22.01,23.74,23.39,12.59
2025-05-29 00:41:56.404283,22.24,23.67,23.36,13.05
2025-05-29 01:01:56.406736,22.3,23.66,23.37,13.05
2025-05-29 01:21:56.406926,22.3,23.59,23.35,12.98
2025-05-29 01:41:56.407072,22.3,23.63,23.32,12.98
2025-05-29 02:21:56.407383,22.32,23.63,23.3,12.33
2025-05-29 03:01:56.407717,22.32,23.6,23.31,12.59
2025-05-29 03:21:56.407828,22.3,23.63,23.3,12.75
2025-05-29 03:41:56.408038,22.29,23.62,23.31,12.75
2025-05-29 04:41:56.411438,22.16,23.48,23.24,12.8
2025-05-29 04:59:50.137767,22.12,23.46,23.2,12.8
2025-05-29 05:01:56.412077,22.13,23.44,23.17,12.8
2025-05-29 05:23:55.090198,22.16,23.42,23.18,12.8
2025-05-29 05:40:29.145536,22.19,23.43,23.13,12.8
2025-05-29 05:41:56.411495,22.18,23.42,23.15,12.8
2025-05-29 05:42:23.537878,22.2,23.45,23.14,12.8
2025-05-29 05:43:55.090421,22.2,23.41,23.16,12.8
2025-05-29 06:00:29.146784,22.2,23.46,23.12,12.8
2025-05-29 06:20:29.146944,21.91,23.37,23.03,12.8
2025-05-29 06:21:56.411893,21.96,23.33,23.04,12.8
2025-05-29 06:41:56.414809,21.94,23.4,23.03,12.85
2025-05-29 06:42:23.539024,21.95,23.41,23.06,12.85
2025-05-29 06:43:55.095277,21.95,23.42,23.06,12.85
2025-05-29 07:01:56.418248,22.02,23.42,23.03,12.85
2025-05-29 07:03:55.095547,22.07,23.44,23.01,12.85
2025-05-29 07:21:56.419333,22.03,23.42,23.04,12.8
2025-05-29 07:22:23.543808,22.05,23.43,22.98,12.8
2025-05-29 07:41:56.422830,22.05,23.38,23.05,12.8
2025-05-29 07:42:23.547271,22.04,23.32,23.04,12.8
2025-05-29 08:21:56.427579,22.02,23.29,22.95,13.2
2025-05-29 08:41:56.427339,22.29,23.53,22.98,13.19
2025-05-29 08:46:29.658002,22.32,23.52,22.96,13.19
2025-05-29 08:47:14.916402,22.32,23.55,22.96,13.19
2025-05-29 09:07:14.917432,22.49,23.54,22.99,13.74
2025-05-29 10:06:29.667345,22.81,23.69,22.96,14.45
2025-05-29 10:06:48.865088,22.82,23.69,22.95,14.45
2025-05-29 10:26:48.865344,23.01,23.88,22.95,14.93
2025-05-29 10:46:48.865538,23.03,23.83,22.96,15.59
2025-05-29 11:06:48.865758,23.09,23.89,22.95,15.6
2025-05-29 11:26:48.865961,23.29,23.81,22.91,15.71
2025-05-29 12:00:39.675902,23.45,23.73,22.95,16.81
2025-05-29 12:01:18.986823,23.5,23.77,22.88,16.81
2025-05-29 12:21:18.988978,23.48,23.74,22.91,16.74
2025-05-29 12:41:18.989160,23.51,23.67,22.89,16.36
2025-05-29 13:01:18.988824,23.31,23.64,22.86,16.34
2025-05-29 13:21:18.989619,23.38,23.63,22.86,16.33
2025-05-29 14:01:18.990100,23.46,23.54,22.83,16.82
2025-05-29 14:21:18.990223,23.51,23.47,22.81,17.2
2025-05-29 14:41:18.990444,23.5,23.45,22.8,17.03
2025-05-29 15:01:18.990654,23.46,23.42,22.78,17.16
2025-05-29 15:21:18.990816,23.44,23.43,22.79,17.43
2025-05-29 16:20:39.721530,23.46,23.47,22.74,17.87
2025-05-29 16:21:07.140149,23.46,23.51,22.75,17.87
2025-05-29 16:21:18.991237,23.49,23.47,22.69,17.87
2025-05-29 16:41:07.141394,23.4,23.59,22.7,17.74
2025-05-29 16:41:18.992065,23.39,23.59,22.73,17.74
2025-05-29 17:01:07.141517,23.56,24.05,22.77,18.76
2025-05-29 17:01:18.991757,23.55,24.05,22.75,18.76
2025-05-29 18:20:39.737683,24.06,23.93,22.84,17.99
2025-05-29 18:21:06.440835,24.05,23.96,22.83,17.99
2025-05-29 18:41:06.441057,24.06,23.96,22.83,18.04
2025-05-29 19:01:06.441233,23.85,23.88,22.86,18.05
2025-05-29 19:21:06.442716,23.76,23.67,22.84,17.83
2025-05-29 19:41:06.442911,23.69,23.48,22.8,17.07
2025-05-29 19:41:18.995293,23.67,23.47,22.82,17.0
2025-05-29 20:40:39.768829,23.55,23.95,22.77,14.18
2025-05-29 20:40:58.489443,23.53,23.95,22.77,14.18
2025-05-29 20:41:08.041898,23.53,23.97,22.76,14.18
2025-05-29 21:21:08.096841,23.8,23.67,22.71,13.25
2025-05-29 21:41:08.050107,23.94,23.59,22.7,12.65
2025-05-29 22:01:08.051249,23.85,23.43,22.76,12.89
2025-05-29 22:21:08.051085,23.79,23.55,22.67,12.61
2025-05-29 22:41:08.055315,23.81,23.68,22.66,12.16
2025-05-29 23:01:08.059414,23.86,24.05,22.63,12.16
2025-05-29 23:21:08.059457,23.81,23.65,22.62,11.81
2025-05-29 23:41:08.065330,23.77,23.48,22.62,11.46
2025-05-30 00:01:08.062966,23.7,23.34,22.55,11.69
2025-05-30 00:21:08.066745,23.62,23.24,22.54,12.02
2025-05-30 01:20:39.846627,23.5,23.1,22.51,12.51
2025-05-30 01:20:56.662791,23.49,23.12,22.48,12.51
2025-05-30 01:40:56.659298,23.41,22.96,22.43,12.51
2025-05-30 02:00:56.663288,23.39,23.07,22.43,12.51
2025-05-30 02:20:56.667266,23.35,22.9,22.39,12.16
2025-05-30 02:40:56.675295,23.31,22.72,22.37,12.34
2025-05-30 03:00:56.679267,23.28,22.66,22.37,12.34
2025-05-30 03:20:56.683250,23.26,22.64,22.35,12.34
2025-05-30 03:40:56.687284,23.2,22.64,22.35,12.34
2025-05-30 04:20:56.699281,23.1,22.46,22.28,12.34
2025-05-30 04:21:01.949403,23.1,22.47,22.28,12.34
2025-05-30 05:01:01.955233,23.02,22.43,22.28,12.66
2025-05-30 05:21:01.955443,22.98,22.42,22.25,12.82
2025-05-30 05:41:01.963304,22.95,22.37,22.18,13.03
2025-05-30 06:01:01.967273,22.87,22.31,22.17,13.23
2025-05-30 06:21:01.971202,22.86,22.26,22.15,13.36
2025-05-30 06:41:01.974743,22.83,22.23,22.11,13.36
2025-05-30 07:01:01.979231,22.82,22.26,22.17,13.42
2025-05-30 07:21:01.983264,22.8,22.31,22.16,13.72
2025-05-30 08:20:39.950963,22.79,22.34,22.22,13.13
2025-05-30 08:20:58.754119,22.79,22.37,22.23,13.13
2025-05-30 08:40:58.750718,22.77,22.37,22.19,13.05
2025-05-30 09:00:58.755292,22.79,22.44,22.18,13.0
2025-05-30 09:16:37.881179,23.04,22.43,22.21,13.09
2025-05-30 09:18:44.078410,23.03,22.44,22.18,13.09
2025-05-30 09:38:44.083071,23.22,22.42,22.18,13.25
2025-05-30 10:37:59.927336,23.45,22.49,22.24,13.73
2025-05-30 10:38:17.041943,23.45,22.48,22.23,13.73
2025-05-30 11:59:27.809106,23.58,22.52,22.25,14.59
2025-05-30 12:00:23.353626,23.56,22.48,22.25,14.59
2025-05-30 12:20:23.354197,23.42,22.59,22.27,15.3
2025-05-30 12:40:23.354358,23.44,22.64,22.29,15.4
2025-05-30 13:00:23.354480,23.55,22.68,22.31,16.03
2025-05-30 14:19:27.823092,23.46,23.33,22.36,18.75
2025-05-30 14:20:08.991013,23.45,23.27,22.39,18.75
2025-05-30 14:40:08.991258,23.7,23.2,22.44,19.54
2025-05-30 15:40:38.120584,24.17,23.31,22.63,20.78
2025-05-30 15:46:39.542840,24.18,23.37,22.62,21.03
2025-05-30 15:48:53.405612,24.12,23.39,22.65,21.03
2025-05-30 15:53:09.164681,24.12,23.38,22.7,21.31
2025-05-30 15:57:31.075556,24.17,23.39,22.68,21.31
2025-05-30 16:24:13.831007,24.28,23.39,22.75,21.97
2025-05-30 16:33:26.049492,24.26,23.43,22.78,21.75
2025-05-30 16:36:49.624957,24.26,23.44,22.8,21.75
2025-05-30 16:45:12.409072,24.23,23.45,22.81,21.8
2025-05-30 16:49:16.176898,24.18,23.46,22.81,21.8
2025-05-30 17:09:16.177731,24.13,23.49,22.82,21.6
2025-05-30 17:28:36.409350,24.08,23.63,22.84,22.03
2025-05-30 17:30:56.708395,24.08,23.62,22.82,22.11
2025-05-30 17:35:41.298050,24.09,23.62,22.83,22.03
2025-05-30 17:36:16.859713,24.08,23.63,22.85,22.03
2025-05-30 17:45:52.754419,24.08,23.64,22.83,22.23
2025-05-30 17:50:51.398143,24.05,23.67,22.84,22.23
2025-05-30 18:33:03.611838,24.08,23.65,22.89,22.65
2025-05-30 18:34:09.903566,24.09,23.63,22.91,22.65
2025-05-30 18:39:17.150900,24.08,23.67,22.9,22.63
2025-05-30 18:47:03.901291,24.12,23.69,22.94,22.45
2025-05-30 19:37:43.103029,24.36,23.79,23.08,22.0
2025-05-30 19:38:02.795017,24.37,23.79,23.06,22.0
2025-05-30 19:52:05.200532,24.41,23.79,23.08,21.49
2025-05-30 20:33:32.184310,24.4,23.87,23.3,21.08
2025-05-30 20:33:52.379099,24.42,23.88,23.33,21.08
2025-05-30 20:53:52.379322,24.43,23.93,23.2,18.76
2025-05-30 21:13:52.379575,24.43,23.91,23.27,17.08
2025-05-30 21:33:52.379669,24.4,23.79,23.24,16.88
2025-05-30 21:53:52.379950,24.38,23.67,23.21,16.88
2025-05-30 22:13:52.380073,24.29,23.02,23.19,17.99
2025-05-30 22:33:52.380227,24.26,22.67,23.15,16.32
2025-05-30 22:53:52.380442,24.15,23.15,23.09,16.79
2025-05-30 23:13:52.380659,24.06,23.42,23.06,15.96
2025-05-30 23:33:52.380755,24.18,23.5,23.06,16.32
2025-05-30 23:53:52.380941,24.25,23.49,23.07,16.83
2025-05-31 00:13:52.381135,24.12,23.54,23.04,16.95
2025-05-31 00:33:52.381300,24.01,23.64,23.04,16.43
2025-05-31 00:53:52.381568,23.95,23.63,23.03,16.08
2025-05-31 01:13:52.381851,23.85,23.43,23.09,15.37
2025-05-31 01:33:52.381839,23.81,23.4,22.91,14.9
2025-05-31 01:53:52.382063,23.8,23.44,22.74,15.02
2025-05-31 02:13:52.382185,23.78,23.54,22.6,14.66
2025-05-31 02:33:52.382372,23.72,23.65,22.45,14.66
2025-05-31 02:53:52.382501,23.74,23.63,22.37,16.09
2025-05-31 03:53:32.215956,23.58,23.63,22.25,16.52
2025-05-31 04:13:32.222533,23.57,23.64,22.2,16.33
2025-05-31 04:13:59.231698,23.57,23.64,22.17,16.33
2025-05-31 04:33:59.232742,23.55,23.64,22.37,16.33
2025-05-31 04:53:59.237266,23.5,23.55,22.44,15.46
2025-05-31 05:13:59.237439,23.45,23.6,22.51,15.14
2025-05-31 05:33:59.237635,23.39,23.5,22.56,15.78
2025-05-31 05:53:59.237404,23.34,23.42,22.6,15.78
2025-05-31 06:13:59.238116,23.32,23.4,22.61,15.99
2025-05-31 06:33:59.241196,23.31,23.43,22.63,16.29
2025-05-31 06:53:59.240989,23.28,23.46,22.69,16.61
2025-05-31 07:13:59.245274,23.3,23.69,22.76,17.02
2025-05-31 07:33:59.249179,23.28,23.72,22.92,18.02
2025-05-31 07:53:59.248940,23.3,23.69,23.0,18.61
2025-05-31 08:13:59.249615,23.34,23.98,23.12,19.28
2025-05-31 09:13:32.268091,24.25,24.74,23.13,21.53
2025-05-31 09:13:48.539172,24.24,24.75,23.15,21.53
2025-05-31 09:13:51.727724,24.24,24.75,23.15,21.53
2025-05-31 09:53:51.728892,24.63,24.83,23.14,21.96
2025-05-31 10:13:51.729111,24.68,24.81,23.19,22.78
2025-05-31 10:33:51.733224,24.8,24.94,23.24,23.12
2025-05-31 11:33:32.307593,25.11,24.94,23.36,24.1
2025-05-31 13:15:09.348261,25.49,25.1,23.63,25.21
2025-05-31 13:18:45.445040,25.46,25.08,23.65,25.21
2025-05-31 13:19:06.576627,25.43,25.04,23.65,25.21
2025-05-31 13:33:57.493259,25.5,25.03,23.63,25.12
2025-05-31 13:39:06.581271,25.51,25.03,23.69,24.8
2025-05-31 13:53:57.497265,25.51,25.0,23.67,25.19
2025-05-31 13:54:50.009157,25.5,25.03,23.67,24.98
2025-05-31 13:55:09.353729,25.52,25.04,23.74,24.98
2025-05-31 13:59:06.585360,25.56,25.0,23.72,24.98
2025-05-31 14:14:50.016516,25.57,25.02,23.75,24.64
2025-05-31 14:34:50.021350,25.78,25.0,23.81,25.55
2025-05-31 14:39:06.593300,25.8,25.0,23.81,25.76
2025-05-31 14:53:58.241325,25.81,25.0,23.83,26.1
2025-05-31 14:54:50.029215,25.84,24.98,23.82,26.1
2025-05-31 14:59:06.597233,25.84,24.98,23.85,26.1
2025-05-31 15:13:58.249297,25.92,25.24,24.13,26.1
2025-05-31 15:14:50.034687,25.95,25.24,24.1,26.1
2025-05-31 15:19:06.601234,26.0,25.33,24.13,26.1
2025-05-31 15:33:58.253270,26.02,25.66,24.28,26.1
2025-05-31 15:34:50.037548,26.04,25.67,24.27,26.1
2025-05-31 15:39:06.601519,26.06,25.66,24.33,26.1
2025-05-31 15:53:58.257274,26.2,25.55,24.33,26.07
2025-05-31 15:54:50.038355,26.19,25.54,24.35,26.07
2025-05-31 15:59:06.610547,26.24,25.51,24.38,26.1
2025-05-31 16:13:58.261400,26.28,25.48,24.41,25.77
2025-05-31 16:14:50.045374,26.28,25.53,24.45,25.77
2025-05-31 16:19:06.609026,26.31,25.59,24.5,26.23
2025-05-31 16:33:58.277418,26.37,25.62,24.57,27.0
2025-05-31 16:34:50.049284,26.37,25.61,24.54,26.0
2025-05-31 16:39:06.625291,26.38,25.53,24.53,26.0
2025-05-31 16:53:58.277345,26.4,25.56,24.64,26.0
2025-05-31 16:54:50.053262,26.39,25.53,24.66,26.0
2025-05-31 16:59:06.633264,26.41,25.57,24.69,26.0
2025-05-31 17:13:58.277544,26.4,25.6,24.76,26.1
2025-05-31 17:14:50.057309,26.41,25.59,24.78,26.1
2025-05-31 17:19:06.636767,26.44,25.57,24.82,26.1
2025-05-31 17:33:58.281399,26.49,25.55,24.82,27.0
2025-05-31 17:34:50.060742,26.47,25.57,24.83,27.0
2025-05-31 17:39:06.637412,26.52,25.53,24.84,27.0
2025-05-31 17:53:58.281594,26.55,25.47,24.78,25.29
2025-05-31 17:54:50.065286,26.53,25.53,24.81,25.29
2025-05-31 17:59:06.640570,26.57,25.47,24.82,25.29
2025-05-31 18:13:58.285315,26.5,25.53,24.75,24.99
2025-05-31 18:14:50.077309,26.53,25.53,24.74,24.99
2025-05-31 18:53:58.301321,26.53,25.66,24.7,24.51
2025-05-31 18:54:50.089249,26.54,25.66,24.69,24.51
2025-05-31 19:33:58.308779,25.97,25.97,24.68,21.66
2025-05-31 19:34:50.101229,25.93,25.94,24.68,21.66
2025-05-31 19:53:58.321316,25.71,25.94,24.65,20.55
2025-05-31 19:54:50.108759,25.71,25.94,24.66,20.55
2025-05-31 20:13:58.324761,25.53,25.91,24.73,21.42
2025-05-31 20:14:50.117254,25.55,25.94,24.81,21.42
2025-05-31 20:54:50.129588,25.23,25.94,24.99,20.35
2025-05-31 21:14:50.137221,24.96,25.74,25.05,20.32
2025-05-31 21:34:50.141217,24.7,25.7,24.97,20.16
2025-05-31 21:54:50.148720,24.29,25.78,24.91,19.45
2025-05-31 22:14:50.153179,24.82,26.17,24.89,19.11
2025-05-31 22:34:50.157262,25.52,25.95,24.87,18.99
2025-05-31 23:14:50.169247,25.22,25.67,24.59,18.7
2025-05-31 23:21:16.244486,24.57,25.65,24.57,18.42
2025-05-31 23:21:48.063368,24.55,25.63,24.56,18.42
2025-05-31 23:41:48.063667,23.42,25.54,24.51,18.01
2025-06-01 00:01:48.063260,23.34,25.4,24.6,17.85
2025-06-01 00:21:48.063822,23.14,25.19,24.58,17.39
2025-06-01 00:41:48.064167,22.84,25.16,24.57,17.3
2025-06-01 01:41:16.259306,24.72,24.87,24.41,16.35
2025-06-01 01:42:58.249673,24.7,24.84,24.4,15.95
2025-06-01 02:02:58.250264,24.84,24.77,24.39,16.64
2025-06-01 02:22:58.250392,24.91,24.69,24.14,15.6
2025-06-01 02:42:58.250536,25.0,24.47,24.13,15.29
2025-06-01 03:02:58.250711,24.99,24.32,24.12,15.53
2025-06-01 03:22:58.250882,25.0,24.35,24.14,15.53
2025-06-01 03:42:58.251007,25.02,24.4,24.08,14.65
2025-06-01 04:02:58.252731,25.02,24.39,24.02,14.87
2025-06-01 04:22:58.254538,24.94,24.31,23.94,14.86
2025-06-01 04:42:58.253950,24.93,24.23,23.91,14.85
2025-06-01 05:02:58.253646,24.88,24.13,23.89,14.27
2025-06-01 06:01:16.279941,24.8,24.02,23.75,14.3
2025-06-01 06:01:53.683201,24.84,24.0,23.77,14.3
2025-06-01 06:21:53.683425,24.8,24.07,23.66,14.62
2025-06-01 06:41:53.683565,24.8,24.02,23.85,14.98
2025-06-01 07:01:53.683780,24.78,24.4,23.89,15.56
2025-06-01 08:01:16.293017,24.84,25.02,24.02,18.24
2025-06-01 08:01:43.611778,24.83,25.04,24.05,18.24
2025-06-01 08:21:43.617298,24.93,24.91,24.12,18.88
2025-06-01 08:41:43.618440,25.22,25.07,24.31,19.78
2025-06-01 09:01:43.620701,25.4,25.34,24.53,20.89
2025-06-01 09:21:43.620888,25.69,25.71,24.65,20.92
2025-06-01 09:41:43.624757,25.77,26.06,24.64,22.22
2025-06-01 10:01:43.629344,25.7,25.91,24.59,22.79
2025-06-01 10:21:43.628870,25.67,25.84,24.61,21.43
2025-06-01 10:41:43.629591,25.66,25.71,24.63,22.02
2025-06-01 11:01:43.629298,25.66,25.66,24.63,22.3
2025-06-01 11:21:43.633183,25.69,25.67,24.6,22.32
2025-06-01 11:41:43.636677,25.7,25.7,24.6,22.11
2025-06-01 12:01:43.641174,25.74,25.73,24.6,22.21
2025-06-01 12:21:43.641387,25.7,25.71,24.57,23.03
2025-06-01 12:41:43.644790,25.77,25.79,24.66,23.2
2025-06-01 13:01:43.645339,25.8,25.76,24.68,24.06
2025-06-01 13:21:43.645073,25.92,25.75,24.77,24.78
2025-06-01 13:41:43.648718,26.04,25.74,24.9,25.2
2025-06-01 14:01:43.648896,26.19,25.93,25.02,25.83
2025-06-01 14:21:43.653202,26.28,25.97,25.25,25.23
2025-06-01 14:41:43.652931,26.34,25.96,25.38,24.38
2025-06-01 15:01:43.656730,26.51,25.96,25.42,24.01
2025-06-01 15:21:43.661253,26.8,25.9,25.42,24.81
2025-06-01 15:41:43.660920,27.09,25.93,25.53,24.62
2025-06-01 16:01:43.661740,27.36,25.92,25.53,24.62
2025-06-01 16:21:43.661831,27.37,25.97,25.57,24.7
2025-06-01 16:41:43.661609,27.58,26.1,25.48,24.58
2025-06-01 17:01:43.665241,27.77,26.29,25.41,24.78
2025-06-01 17:21:43.665487,27.94,26.55,25.5,25.1
2025-06-01 17:41:43.665332,28.1,26.74,25.55,25.0
2025-06-01 18:01:43.665982,28.25,27.02,25.54,25.0
2025-06-01 18:21:43.666220,28.28,26.74,25.57,26.0
2025-06-01 18:41:43.671940,28.3,26.56,25.49,25.0
2025-06-01 19:01:43.673199,28.38,26.48,25.46,25.0
2025-06-01 19:21:43.677230,28.4,26.41,25.45,25.0
2025-06-01 19:41:43.677549,28.45,26.28,25.47,25.0
2025-06-01 20:21:43.680711,28.05,26.31,25.39,24.0
2025-06-01 20:31:54.495431,27.98,26.27,25.37,24.0
2025-06-01 20:53:15.263786,27.91,26.22,25.34,23.0
2025-06-01 21:13:15.264200,27.79,26.17,25.2,22.0
2025-06-01 21:33:15.264217,27.59,26.06,25.2,22.0
2025-06-01 21:53:15.264370,27.5,25.87,25.08,22.0
2025-06-01 22:13:15.264630,27.3,25.8,25.08,20.64
2025-06-01 22:33:15.264790,27.17,25.77,25.06,20.24
2025-06-01 23:31:54.513976,24.52,25.77,25.15,19.84
2025-06-02 00:31:54.523972,25.94,25.87,24.97,18.22
2025-06-02 00:32:07.544669,25.94,25.9,24.95,18.22
2025-06-02 00:51:54.527745,26.06,25.71,24.91,18.65
2025-06-02 00:52:07.545218,26.08,25.73,24.91,18.65
2025-06-02 01:12:10.632314,26.1,25.68,24.85,18.17
2025-06-02 01:32:07.548717,26.14,25.78,24.72,18.05
2025-06-02 02:12:07.549628,26.18,25.65,24.39,17.47
2025-06-02 02:32:07.549260,26.14,25.58,24.32,16.76
2025-06-02 02:52:07.549457,26.15,25.57,24.2,15.37
2025-06-02 04:12:07.550193,25.94,25.43,23.74,15.73
2025-06-02 04:32:07.553188,25.88,25.41,23.6,16.13
2025-06-02 04:32:10.646972,25.9,25.41,23.61,16.13
2025-06-02 05:12:10.649241,25.81,25.39,23.44,16.06
2025-06-02 05:32:10.653169,22.84,24.73,23.69,15.4
2025-06-02 06:15:30.986213,20.52,23.92,23.82,16.5
2025-06-02 06:31:03.133365,20.5,24.06,23.85,16.84
2025-06-02 07:26:27.700373,21.15,24.17,23.9,17.8
2025-06-02 07:27:14.334593,21.12,24.18,23.93,17.8
2025-06-02 07:47:14.335625,21.6,24.43,23.98,17.85
2025-06-02 08:07:14.335730,21.82,24.8,24.04,18.1
2025-06-02 08:27:14.335982,21.93,24.93,23.99,18.36
2025-06-02 08:47:14.335600,22.08,24.98,23.93,18.69
2025-06-02 09:07:14.336330,23.15,25.35,24.05,18.96
2025-06-02 09:27:14.336453,24.12,25.57,23.98,20.03
2025-06-02 09:47:14.336685,24.71,25.42,24.11,19.78
2025-06-02 10:07:14.336917,25.27,25.52,24.12,19.9
2025-06-02 10:27:14.337096,25.78,25.54,24.15,19.9
2025-06-02 10:47:14.337286,26.13,25.63,24.22,19.07
2025-06-02 11:07:14.337405,26.14,25.62,24.28,18.88
2025-06-02 11:27:14.337637,25.86,25.66,24.36,19.07
2025-06-02 12:26:27.735498,26.21,25.79,24.55,20.25
2025-06-02 12:27:34.725136,26.19,25.78,24.52,20.25
2025-06-02 12:47:34.728288,26.26,25.71,24.58,20.77
2025-06-02 13:07:34.728460,26.47,25.83,24.61,21.67
2025-06-02 14:06:27.749802,27.29,25.79,24.81,23.2
2025-06-02 14:07:21.380122,27.3,25.79,24.82,23.2
2025-06-02 14:36:00.589940,27.14,25.91,24.63,23.44
2025-06-02 15:33:06.588279,26.77,25.68,24.56,24.09
2025-06-02 15:35:15.037750,26.77,25.7,24.55,24.09
2025-06-02 15:55:15.037937,26.8,25.88,24.57,23.69
2025-06-02 16:15:15.038177,26.99,25.96,24.63,23.05
2025-06-02 16:35:15.038368,26.94,25.95,24.63,22.73
2025-06-02 17:29:16.094349,27.28,25.97,24.52,22.74
2025-06-02 17:29:32.606783,27.3,26.0,24.54,22.74
2025-06-02 17:34:30.726729,27.3,25.98,24.55,22.54
2025-06-02 17:49:32.607713,27.32,26.01,24.51,22.29
2025-06-02 17:54:30.727013,27.35,25.93,24.53,22.29
2025-06-02 18:14:30.727369,27.37,25.95,24.53,22.23
2025-06-02 18:29:32.608035,27.46,25.93,24.57,21.92
2025-06-02 18:49:32.608321,27.46,25.94,24.59,21.35
2025-06-02 18:54:30.727754,27.49,25.89,24.61,21.35
2025-06-02 19:29:32.608291,27.37,25.72,24.6,21.35
2025-06-02 20:31:55.706349,24.78,26.17,24.81,20.97
2025-06-02 20:34:16.714342,24.75,26.18,24.83,20.97
2025-06-02 21:31:55.716928,23.41,26.02,24.86,19.59
2025-06-02 21:33:05.036751,23.38,26.02,24.85,19.59
2025-06-02 21:53:05.037289,23.16,25.8,24.84,18.85
2025-06-02 22:13:05.039952,22.9,25.7,24.86,18.47
2025-06-02 22:33:05.040155,22.8,25.89,24.79,18.21
2025-06-02 23:31:55.727561,23.29,25.78,24.69,18.44
2025-06-02 23:32:09.131674,23.31,25.75,24.71,18.44
2025-06-02 23:52:09.131756,24.31,25.69,24.67,17.58
2025-06-03 00:12:09.132096,24.61,25.64,24.63,17.96
2025-06-03 00:32:09.132218,24.76,25.62,24.62,17.79
2025-06-03 00:52:09.132939,24.8,25.48,24.6,17.08
2025-06-03 01:12:09.132634,24.82,25.38,24.56,16.8
2025-06-03 02:11:55.744813,25.01,25.22,24.4,16.71
2025-06-03 02:12:11.185819,24.96,25.23,24.38,16.71
2025-06-03 02:12:17.683419,25.0,25.22,24.38,16.71
2025-06-03 02:32:08.824573,25.01,25.18,24.39,16.74
2025-06-03 02:32:17.689138,24.98,25.18,24.39,16.74
2025-06-03 02:52:08.828545,25.04,25.14,24.35,16.68
2025-06-03 02:52:17.688972,25.03,25.14,24.36,16.68
2025-06-03 03:12:08.828801,25.03,25.12,24.32,16.5
2025-06-03 03:12:11.187805,25.03,25.12,24.32,16.5
2025-06-03 03:12:17.689664,25.02,25.1,24.31,16.5
2025-06-03 03:32:08.829070,25.02,25.08,24.21,16.58
2025-06-03 03:32:11.188106,25.02,25.09,24.21,16.58
2025-06-03 03:32:17.692383,25.02,25.1,24.21,16.58
2025-06-03 03:52:08.828781,24.98,25.0,24.07,16.63
2025-06-03 03:52:11.188344,24.98,25.03,24.07,16.63
2025-06-03 03:52:17.696605,24.98,25.03,24.07,16.63
2025-06-03 04:12:08.832254,24.94,24.94,23.93,16.63
2025-06-03 04:12:17.700693,25.02,24.99,23.99,16.63
2025-06-03 04:32:08.832548,24.98,24.87,24.04,16.63
2025-06-03 04:32:17.700591,24.96,24.87,24.04,16.63
2025-06-03 04:52:08.835984,24.9,24.79,24.05,16.41
2025-06-03 04:52:17.704046,24.9,24.79,24.05,16.41
2025-06-03 05:12:08.836208,24.9,24.75,24.01,16.41
2025-06-03 05:32:08.836966,24.88,24.74,23.98,16.21
2025-06-03 05:32:17.709060,24.88,24.75,24.0,16.21
2025-06-03 05:52:08.840628,24.87,24.66,24.0,16.5
2025-06-03 06:12:11.197837,24.81,24.62,23.9,16.76
2025-06-03 06:52:11.200302,24.81,24.61,23.88,16.43
2025-06-03 06:52:08.844499,24.81,24.62,23.88,16.43
2025-06-03 06:52:17.716692,24.83,24.62,23.88,16.43
2025-06-03 07:12:17.716927,24.78,24.54,23.88,17.09
2025-06-03 07:52:08.844881,24.8,24.63,23.89,17.39
2025-06-03 07:52:17.720745,24.8,24.63,23.89,17.39
2025-06-03 07:56:12.136336,24.78,24.63,23.89,17.55
2025-06-03 07:57:11.686807,24.78,24.62,23.92,17.55
2025-06-03 08:56:12.154785,24.78,24.67,24.0,18.61
2025-06-03 08:56:53.350688,24.78,24.63,23.97,18.61
2025-06-03 09:16:53.351244,24.78,24.88,23.94,18.69
2025-06-03 09:36:53.351397,24.79,25.06,23.89,18.96
2025-06-03 09:56:53.354475,24.82,25.25,23.95,19.2
2025-06-03 10:36:53.358679,25.1,25.47,24.07,20.06
2025-06-03 11:36:12.169279,25.34,25.74,24.28,21.16
2025-06-03 11:37:29.264824,25.33,25.79,24.32,21.16
2025-06-03 11:57:29.265474,25.38,25.77,24.47,21.33
2025-06-03 12:37:29.265856,25.58,25.8,24.75,22.07
2025-06-03 13:59:05.460036,25.92,25.97,24.43,23.25
2025-06-03 14:37:29.271097,26.09,26.08,24.6,23.61
2025-06-03 14:57:29.274970,26.22,25.94,24.75,23.88
2025-06-03 15:17:29.279039,26.29,25.95,24.86,23.71
2025-06-03 15:37:29.282973,26.4,25.98,24.84,24.51
2025-06-03 16:19:05.501195,26.56,26.15,24.86,24.93
2025-06-03 16:19:20.144107,26.57,26.17,24.87,24.93
2025-06-03 16:39:20.150997,26.64,26.15,24.88,24.54
2025-06-03 16:59:20.151256,26.68,26.2,24.84,24.5
2025-06-03 17:19:20.154981,26.77,26.3,24.87,24.55
2025-06-03 18:16:12.267588,26.98,26.19,24.87,24.99
2025-06-03 18:16:41.541866,26.93,26.2,24.87,24.99
2025-06-03 18:36:41.542513,27.03,26.19,24.87,24.0
2025-06-03 19:19:05.591743,27.02,26.26,24.87,23.42
2025-06-03 19:19:24.735999,27.0,26.26,24.86,23.42
2025-06-03 19:59:24.742026,27.05,26.33,24.96,23.0
2025-06-03 20:19:24.742132,27.06,26.42,24.91,22.18
2025-06-03 20:59:24.754999,27.11,26.69,24.88,20.24
2025-06-03 21:56:12.383827,27.08,26.34,24.96,18.17
2025-06-03 22:56:40.171094,26.32,25.97,24.88,17.0
2025-06-04 22:31:10.242204,24.77,26.94,26.23,20.82
2025-06-04 22:34:16.624857,24.68,26.89,26.22,20.82
2025-06-04 22:35:02.823885,24.67,26.88,26.18,20.82
2025-06-04 22:55:02.825061,24.19,26.67,26.15,20.58
2025-06-04 23:54:16.634270,25.48,26.45,25.91,19.82
2025-06-04 23:55:39.621462,25.5,26.45,25.92,19.82
2025-06-05 00:15:39.622652,26.18,26.6,25.78,19.49
